Address,City,EOAddress,Electorate,Email,Fax,First name,Gender,House,LastName,LastUpdated,MinAddress,MinPhone,Minister,POAddress,POstcode,Party,PartyAbb,Phone,Photo,Political Party,Name,Position,PreferredName,Salutation,State,Surname,Title,Web,images,ï»¿Full Name
,,"140 Mollison Street, Bendigo, VIC, 3550",Bendigo East,jacinta.allan@parliament.vic.gov.au,,,,Legislative Assembly,Allan,15/04/2024,"Level 1, , 1 Treasury Place, East Melbourne, VIC, 3002",(03) 9651 5000,Premier,"PO Box 399, Bendigo, VIC, 3552",,Australian Labor Party,ALP,(03) 5443 2144,,,,,Jacinta,,,,The Hon.,"http://www.jacintaallan.com, http://twitter.com/JacintaAllanMP",,
,,"197-199 Riversdale Road, Hawthorn, VIC, 3122",Hawthorn,john.pesutto@parliament.vic.gov.au,,,,Legislative Assembly,Pesutto,02/10/2023,,,Shadow Minister for Multicultural Affairs,,,Liberal Party,LP,(03) 9882 4088,,,,"Leader of the Opposition, Leader of the Liberal Party, Leader of the Liberal and Nationals Coalition",John,,,,Mr,"http://johnpesutto.com.au, http://www.facebook.com/JohnPesutto, https://twitter.com/@JohnPesutto, https://www.instagram.com/JohnPesutto",,
,,"Suite G.02, 3 Chester Street, Oakleigh, VIC, 3166",Oakleigh,steve.dimopoulos@parliament.vic.gov.au,,,,Legislative Assembly,Dimopoulos,08/01/2024,"Level 16,, 8 Nicholson Street, East Melbourne, VIC, 3002",03 862 43101,"Minister for Environment, Minister for Tourism, Sport and Major Events, Minister for Outdoor Recreation",,,Australian Labor Party,ALP,(03) 9568 2456,,,,,Steve,,,,The Hon.,"https://www.stevedimopoulos.com.au/, https://www.facebook.com/DimoforOakleigh, https://twitter.com/Steve_Dimo",,
,,"Shop D00-02B, Craigieburn Central, 340 Craigieburn Road, Craigieburn, VIC, 3064",Kalkallo,ros.spence@parliament.vic.gov.au,,,,Legislative Assembly,Spence,08/11/2023,"Level 22,, 50 Lonsdale Street, Melbourne, VIC, 3000",1300 622 308,"Minister for Agriculture, Minister for Community Sport, Minister for Carers and Volunteers","PO Box 132, Craigieburn, VIC, 3064",,Australian Labor Party,ALP,(03) 8377 4477,,,,,Ros,,,,The Hon.,"https://www.rosspence.com.au, https://facebook.com/rosspenceMP",,
,,"Shop 14, Nexus Centre, 9 Goode Street, Gisborne, VIC, 3437",Macedon,mary-anne.thomas@parliament.vic.gov.au,,,,Legislative Assembly,Thomas,09/10/2023,"Level 22, 50 Lonsdale Street, Melbourne, VIC, 3000",(03) 9096 8561,"Minister for Health, Minister for Health Infrastructure, Minister for Ambulance Services","PO Box 39, Gisborne, VIC, 3437",,Australian Labor Party,ALP,(03) 5428 2138,,,,Leader of the House,Mary-Anne,,,,The Hon.,"https://www.mary-annethomas.com.au/, https://twitter.com/MaryAnneThomas, https://www.facebook.com/MaryAnneMacedon/",,
,,"34 Firebrace Street, Horsham, VIC, 3400",Lowan,emma.kealy@parliament.vic.gov.au,,,,Legislative Assembly,Kealy,09/03/2023,,,"Shadow Minister for Agriculture, Shadow Minister for Mental Health","PO Box 41, Horsham, VIC, 3402",,The Nationals,NAT,(03) 5382 0097,,,,Deputy Leader of The Nationals,Emma,,,,Ms,,,
,,"Suite 1, 28 Shuter Street, Moonee Ponds, VIC, 3039",Essendon,danny.pearson@parliament.vic.gov.au,,,,Legislative Assembly,Pearson,26/10/2023,"Level 3, 1 Treasury Place, East Melbourne, VIC, 3002",(03) 9658 4101,"Minister for Transport Infrastructure, Minister for the Suburban Rail Loop, Assistant Treasurer, Minister for WorkSafe and the TAC","PO Box 605, Moonee Ponds, VIC, 3039",,Australian Labor Party,ALP,(03) 9370 7777,,,,,Danny,,,,The Hon.,"https://dannypearson.com.au/, https://www.facebook.com/Pearson4essndon, https://twitter.com/DannyPearsonMP",,
,,"16 Princes Highway, Dandenong, VIC, 3175",Dandenong,gabrielle.williams@parliament.vic.gov.au,,,,Legislative Assembly,Williams,01/11/2023,"Level 3, , 1 Treasury Place, East Melbourne, VIC, 3002",(03) 8660 7101,"Minister for Government Services, Minister for Consumer Affairs, Minister for Public and Active Transport",,,Australian Labor Party,ALP,(03) 9793 2000,,,,,Gabrielle,,,,The Hon.,"https://www.gabriellewilliams.com.au/, https://www.facebook.com/WilliamsforDandenong",,
,,"Shop 9, Pakington Strand Shopping Centre, 95-103 Pakington Street, Geelong West, VIC, 3218",Geelong,christine.couzens@parliament.vic.gov.au,,,,Legislative Assembly,Couzens,22/02/2023,,,,,,Australian Labor Party,ALP,(03) 5221 4821,,,,Parliamentary Secretary for First Peoples,Chris,,,,Ms,"https://christinecouzens.com, https://facebook.com/ccouzensalp, https://instagram.com/chriscouzensmp, https://twitter.com/ccouzensmp",,
,,"Suites 3 & 4, 1335 Ferntree Gully Road, Scoresby, VIC, 3179",Rowville,kim.wells@parliament.vic.gov.au,,,,Legislative Assembly,Wells,10/03/2023,,,,"PO Box 4255, Knox City Centre, VIC, 3152",,Liberal Party,LP,(03) 9764 8988,,,,,Kim,,,,The Hon.,,,
,,"Shop 2, 30 Oleander Drive, Mill Park, VIC, 3082",Mill Park,lily.dambrosio@parliament.vic.gov.au,,,,Legislative Assembly,D'Ambrosio,17/11/2023,"Level 17, , 8 Nicholson Street, East Melbourne, VIC, 3002",(03) 9637 9504,"Minister for Climate Action, Minister for Energy and Resources, Minister for the State Electricity Commission",,,Australian Labor Party,ALP,(03) 9422 5171,,,,,Lily,,,,The Hon.,,,
,,"496 High Street, Echuca, VIC, 3564",Murray Plains,peter.walsh@parliament.vic.gov.au,,,,Legislative Assembly,Walsh,02/10/2023,,,"Shadow Minister for Regional Development, Shadow Minister for Local Government, Shadow Minister for Aboriginal Affairs",,,The Nationals,NAT,(03) 5482 2039,,,,"Deputy Leader of the Coalition, Leader of The Nationals",Peter,,,,The Hon.,"https://www.peterwalsh.org.au, https://www.facebook.com/peterwalshmp, https://twitter.com/peterwalshmp",,
,,"Suite 7, 600 Doncaster Road, Doncaster, VIC, 3108",Bulleen,matthew.guy@parliament.vic.gov.au,,,,Legislative Assembly,Guy,02/10/2023,,,Shadow Minister for Public Transport,,,Liberal Party,LP,(03) 9850 7983,,,,,Matthew,,,,The Hon.,,,
,,"Shop 2, 56-58 Watton Street, Werribee, VIC, 3030",Werribee,tim.pallas@parliament.vic.gov.au,,,,Legislative Assembly,Pallas,09/10/2023,"Level 4, 1 Treasury Place, East Melbourne, VIC, 3002",(03) 7005 9474,"Treasurer, Minister for Industrial Relations, Minister for Economic Growth",,,Australian Labor Party,ALP,(03) 9741 1133,,,,,Tim,,,,Mr,"https://www.timpallas.com.au/, https://twitter.com/timpallas",,
,,"60 Main Street, Croydon, VIC, 3136",Croydon,david.hodgett@parliament.vic.gov.au,,,,Legislative Assembly,Hodgett,03/10/2023,,,"Shadow Special Minister of State, Shadow Minister for Employment and Industrial Relations",,,Liberal Party,LP,(03) 9725 3570,,,,,David,,,,The Hon.,,,
,,"221 High Street, Thomastown, VIC, 3074",Thomastown,bronwyn.halfpenny@parliament.vic.gov.au,,,,Legislative Assembly,Halfpenny,25/10/2023,,,,,,Australian Labor Party,ALP,(03) 9401 2711,,,,Parliamentary Secretary for Jobs,Bronwyn,,,,Ms,,,
,,"Suite 3, 16 Lockwood Road, Kangaroo Flat, VIC, 3555",Bendigo West,maree.edwards@parliament.vic.gov.au,,,,Legislative Assembly,Edwards,09/03/2023,"Speaker's Office,, Parliament House, Spring Street, East Melbourne, VIC, 3002",(03) 9651 8580,,"PO Box 1238, Kangaroo Flat, VIC, 3555",,Australian Labor Party,ALP,(03) 5410 2444,,,,Speaker of the Legislative Assembly,Maree,,,,The Hon.,"https://www.mareeedwards.com.au/, https://twitter.com/mareeedwardsmp, https://www.facebook.com/mareeedwardsmp/",,
,,"313-315 Waverley Road, Malvern East, VIC, 3145",Malvern,michael.obrien@parliament.vic.gov.au,,,,Legislative Assembly,O'Brien,10/03/2023,,,Shadow Attorney-General,,,Liberal Party,LP,(03) 9576 1850,,,,,Michael,,,,The Hon.,"https://www.michaelobrien.com.au, https://twitter.com/michaelobrienmp",,
,,"Suite 1, 1320 Plenty Road, Bundoora, VIC, 3083",Bundoora,colin.brooks@parliament.vic.gov.au,,,,Legislative Assembly,Brooks,03/11/2023,"Level 22,, 1 Spring Street, Melbourne, VIC, 3000",(03) 9658 4201,"Minister for Development Victoria, Minister for Precincts, Minister for Creative Industries","PO Box 79, Bundoora, VIC, 3083",,Australian Labor Party,ALP,(03) 9467 5657,,,,,Colin,,,,The Hon.,"http://www.colinbrooks.com.au, http://twitter.com/ColinBrooksMP",,
,,"Suite 2, 91 Hume Street, Wodonga, VIC, 3690",Benambra,bill.tilley@parliament.vic.gov.au,,,,Legislative Assembly,Tilley,19/09/2023,,,,"Po Box 1719, Wodonga, VIC, 3689",,Liberal Party,LP,(02) 6009 0808,,,,,Bill,,,,Mr,,,
,,"Ground Floor, 622 Nepean Highway, Carrum, VIC, 3197",Carrum,sonya.kilkenny@parliament.vic.gov.au,,,,Legislative Assembly,Kilkenny,16/10/2023,"Level 20,, 1 Spring Street, Melbourne, VIC, 3000",(03) 9658 4301,"Minister for Planning, Minister for the Suburbs",,,Australian Labor Party,ALP,(03) 9773 2727,,,,,Sonya,,,,The Hon.,"https://www.facebook.com/SonyaKilkennyMP, https://twitter.com/sonyakilkenny",,
,,"Suite 2,, 4-6 Wheelers Street, Berwick, VIC, 3806",Berwick,brad.battin@parliament.vic.gov.au,,,,Legislative Assembly,Battin,21/03/2024,,,"Shadow Minister for Police, Shadow Minister for Youth Justice, Shadow Minister for Crime Prevention and Victim Support, Shadow Minister for Criminal Justice Reform, Shadow Minister for Corrections",,,Liberal Party,LP,(03) 5953 0216,,,,,Brad,,,,Mr,"http://www.bradbattin.com.au, http://www.facebook.com/BradBattinMP, https://twitter.com/BradBattinMP, https://www.instagram.com/BradBattinMP",,
,,"143 Main Street, Bairnsdale, VIC, 3875",Gippsland East,tim.bull@parliament.vic.gov.au,,,,Legislative Assembly,Bull,14/04/2023,,,"Shadow Minister for Disability, Ageing and Carers, Shadow Minister for Racing, Shadow Minister for Veterans' Affairs","PO Box 1278, Bairnsdale, VIC, 3875",,The Nationals,NAT,(03) 5152 3491,,,,,Tim,,,,The Hon.,,,
,,"Suite 1, 193 Balaclava Road, Caulfield North, VIC, 3161",Caulfield,david.southwick@parliament.vic.gov.au,,,,Legislative Assembly,Southwick,02/10/2023,,,"Shadow Minister for Major Projects, Shadow Minister for Transport Infrastructure, Shadow Minister for Trade and Investment, Shadow Minister for Cost of Living",,,Liberal Party,LP,(03) 9527 3866,,,,"Deputy Leader of the Opposition, Deputy Leader of the Liberal Party",David,,,,Mr,"https://www.davidsouthwick.com.au, https://facebook.com/southwickmp, https://twitter.com/SouthwickMP",,
,,"Shop 11, Aquagardens Shopping Centre, 28A Hume Drive, Sydenham, VIC, 3037",Sydenham,natalie.hutchins@parliament.vic.gov.au,,,,Legislative Assembly,Hutchins,26/10/2023,"121 Exhibition Street, Melbourne, VIC, 3000",(03) 9095 4301,"Minister for Jobs and Industry, Minister for Treaty and First Peoples, Minister for Women",,,Australian Labor Party,ALP,(03) 9449 1511,,,,,Natalie,,,,The Hon.,,,
,,"37 Reid Street, Wangaratta, VIC, 3677",Ovens Valley,tim.mccurdy@parliament.vic.gov.au,,,,Legislative Assembly,McCurdy,12/10/2023,,,"Shadow Minister for Water, Shadow Minister for Consumer Affairs",,,The Nationals,NAT,(03) 5721 6155,,,,,Tim,,,,Mr,http://www.timmccurdy.com.au,,
,,"Shop 10, 38-40 Bell Street, Yarra Glen, VIC, 3775",Eildon,cindy.mcleish@parliament.vic.gov.au,,,,Legislative Assembly,McLeish,02/10/2023,,,"Shadow Minister for Women, Shadow Minister for the Prevention of Family Violence, Shadow Minister for Small Business, Shadow Minister for WorkCover and the TAC","PO Box 128, Yarra Glen, VIC, 3775",,Liberal Party,LP,(03) 9730 1066,,,,,Cindy,,,,Ms,,,
,,"149 Burgundy Street, Heidelberg, VIC, 3084",Ivanhoe,anthony.carbines@parliament.vic.gov.au,,,,Legislative Assembly,Carbines,09/10/2023,"Level 26, 121 Exhibition Street, Melbourne, VIC, 3000",(03) 9136 2888,"Minister for Police, Minister for Crime Prevention, Minister for Racing","PO Box 63, Heidelberg, VIC, 3084",,Australian Labor Party,ALP,(03) 9457 5328,,,,,Anthony,,,,The Hon.,,,
,,"374 Nepean Hwy, Chelsea, VIC, 3196",Mordialloc,tim.richardson@Parliament.vic.gov.au,,,,Legislative Assembly,Richardson,10/03/2023,,,,,,Australian Labor Party,ALP,(03) 9772 4544,,,,"Parliamentary Secretary for Health Infrastructure, Parliamentary Secretary for Mental Health and Suicide Prevention",Tim,,,,Mr,,,
,,"723 Centre Road, Bentleigh East, VIC, 3165",Bentleigh,nick.staikos@parliament.vic.gov.au,,,,Legislative Assembly,Staikos,02/10/2023,,,,,,Australian Labor Party,ALP,(03) 9579 7222,,,,"Parliamentary Secretary to the Premier, Parliamentary Secretary for Multicultural Affairs",Nick,,,,Mr,"https://nickstaikos.com.au, https://www.facebook.com/NickforBentleigh, https://twitter.com/NStaikos",,
,,"Shops 5 & 6, 49-51 Beach Street, Frankston, VIC, 3199",Frankston,paul.edbrooke@parliament.vic.gov.au,,,,Legislative Assembly,Edbrooke,14/04/2023,,,,,,Australian Labor Party,ALP,(03) 9783 9822,,,,Parliamentary Secretary to the Treasurer,Paul,,,,Mr,"https://www.facebook.com/PaulforFrankston, https://twitter.com/paul4frankston",,
,,"Parliament House, Spring Street, East Melbourne, VIC, 3002",Melbourne,ellen.sandell@parliament.vic.gov.au,,,,Legislative Assembly,Sandell,23/04/2024,,,,,,The Australian Greens - Victoria,GRN,(03) 9328 4637,,,,"Leader of The Victorian Greens, Spokesperson for Climate Change and Emissions, Spokesperson for Biodiversity, Environment and Forests, Spokesperson for Gas and Resources, Spokesperson for Emergency Services and Climate Disaster Preparedness",Ellen,,,,Ms,"https://www.ellensandell.com, https://twitter.com/ellensandell",,
,,"718 Main Road, Eltham, VIC, 3095",Eltham,vicki.ward@parliament.vic.gov.au,,,,Legislative Assembly,Ward,21/02/2024,"GPO Box 4367, Melbourne, VIC, 3000",,"Minister for Prevention of Family Violence, Minister for Employment",,,Australian Labor Party,ALP,(03) 9439 1500,,,,,Vicki,,,,Ms,"https://www.vickiward.com.au, https://www.facebook.com/VickiWardMP, https://twitter.com/vickiwardMP",,
,,"Office 4, Block B, 33-35 Macedon Street West, Sunbury, VIC, 3429",Sunbury,josh.bull@parliament.vic.gov.au,,,,Legislative Assembly,Bull,17/01/2024,,,,,,Australian Labor Party,ALP,(03) 9740 4091,,,,"Parliamentary Secretary for Level Crossing Removals, Parliamentary Secretary for Transport",Josh,,,,Mr,,,
,,"183 - 185 High Street, Prahran, VIC, 3181",Prahran,sam.hibbins@parliament.vic.gov.au,,,,Legislative Assembly,Hibbins,23/04/2024,,,,,,The Australian Greens - Victoria,GRN,(03) 9981 9501,,,,"Co-Deputy Leader of the Victorian Greens, Manager of Greens Business in the Legislative Assembly, Spokesperson for Treasury, Spokesperson for Economic Justice, Spokesperson for Industrial Relations, Spokesperson for Community Services, Spokesperson for Sport",Sam,,,,Mr,"https://www.samhibbins.com/, https://www.facebook.com/SamHibbins, https://twitter.com/Sam_Hibbins",,
,,"473 Keilor Road, Niddrie, VIC, 3042",Niddrie,ben.carroll@parliament.vic.gov.au,,,,Legislative Assembly,Carroll,17/01/2024,"Level 3,, 1 Treasury Place, East Melbourne, VIC, 3002",(03) 9651 1233,"Minister for Education, Minister for Medical Research","PO Box 554, Niddrie, VIC, 3042",,Australian Labor Party,ALP,(03) 9379 5879,,,,Deputy Premier,Ben,,,,The Hon.,"https://facebook.com/BenCarrollMP, https://twitter.com/BenCarrollMP",,
,,"Shop M004A, Keilor Shopping Centre, 80 Taylors Road, Keilor Downs, VIC, 3021",St Albans,natalie.suleyman@parliament.vic.gov.au,,,,Legislative Assembly,Suleyman,02/11/2023,"Level 36,, 121 Exhibition Street, Melbourne, VIC, 3000",1300 591 858,"Minister for Veterans, Minister for Small Business, Minister for Youth","PO Box 198, St Albans, VIC, 3021",,Australian Labor Party,ALP,(03) 9367 9925,,,,,Natalie,,,,The Hon.,"https://www.nataliesuleyman.com.au/, https://www.facebook.com/nataliesuleymanmp",,
,,"94 Liebig Street, Warrnambool, VIC, 3280",South-West Coast,roma.britnell@parliament.vic.gov.au,,,,Legislative Assembly,Britnell,02/10/2023,,,"Shadow Minister for Ports and Freight, Shadow Minister for Boating and Fishing, Shadow Minister for Child Protection","PO Box 5075, Warrnambool, VIC, 3280",,Liberal Party,LP,(03) 5562 8230,,,,,Roma,,,,Ms,"http://romabritnell.com.au/, https://www.facebook.com/RomaBritnellMP/",,
,,"115A Bromfield Street, Colac, VIC, 3250",Polwarth,richard.riordan@parliament.vic.gov.au,(03) 5231 5209,,,Legislative Assembly,Riordan,02/10/2023,,,"Shadow Minister for Emergency Services, Shadow Minister for Housing",,,Liberal Party,LP,(03) 5231 5046,,,,,Richard,,,,Mr,"https://richardriordan.com.au/, https://www.facebook.com/RichardRiordanMP/",,
,,"Level 1, 1312 Centre Road, Clayton South, VIC, 3169",Clarinda,MengHeang.Tak@parliament.vic.gov.au,,,,Legislative Assembly,Tak,18/01/2024,,,,,,Australian Labor Party,ALP,(03) 9543 6081,,,,,Meng Heang,,,,Mr,https://www.facebook.com/mengheangtakmpforclarinda/,,
,,"204 Nicholson Street, Footscray, VIC, 3011",Footscray,Katie.Hall@parliament.vic.gov.au,,,,Legislative Assembly,Hall,02/10/2023,,,,,,Australian Labor Party,ALP,(03) 9689 4283,,,,"Parliamentary Secretary for Housing, Parliamentary Secretary for Creative Industries",Katie,,,,Ms,"https://www.facebook.com/KatieHallMP, https://twitter.com/katie_footscray, https://www.katiehallmp.com.au, https://www.instagram.com/katie_in_footscray/",,
,,"C1, Level 1, 100 Overton Road, Williams Landing, VIC, 3027",Laverton,Sarah.Connolly@parliament.vic.gov.au,,,,Legislative Assembly,Connolly,31/03/2023,,,,,,Australian Labor Party,ALP,(03) 9916 1778,,,,,Sarah,,,,Ms,"https://www.facebook.com/SarahConnollyMP/, https://www.sarahconnollymp.com.au/, https://www.instagram.com/SarahConnollyMP/, https://www.twitter.com/SarahConnollyMP/",,
,,"101 Douglas Parade, Williamstown, VIC, 3016",Williamstown,Melissa.Horne@parliament.vic.gov.au,,,,Legislative Assembly,Horne,09/11/2023,"Level 16,, 121 Exhibition Street, Melbourne, VIC, 3000",(03) 8392 8020,"Minister for Casino, Gaming and Liquor Regulation, Minister for Local Government, Minister for Ports and Freight, Minister for Roads and Road Safety",,,Australian Labor Party,ALP,(03) 9399 9022,,,,,Melissa,,,,The Hon.,,,
,,"Shops A3 and A4, Marriott Waters Shopping Centre,, cnr Thompsons Road & Marriott Boulevard, Lyndhurst, VIC, 3975",Cranbourne,Pauline.Richards@parliament.vic.gov.au,,,,Legislative Assembly,Richards,10/03/2023,,,,,,Australian Labor Party,ALP,(03) 5996 2901,,,,Government Whip in the Legislative Assembly,Pauline,,,,Ms,,,
,,"Ground Floor, 315 New Street, Brighton, VIC, 3186",Brighton,James.Newbury@parliament.vic.gov.au,,,,Legislative Assembly,Newbury,02/10/2023,,,"Shadow Minister for Planning, Shadow Minister for Environment and Climate Change, Shadow Minister for Equality",,,Liberal Party,LP,(03) 9592 1900,,,,Manager of Opposition Business,James,,,,Mr,"https://www.facebook.com/newbury3186, https://twitter.com/newbury3186, https://www.jamesnewbury.com.au",,
,,"4/404-414 High Street, Northcote, VIC, 3070",Northcote,Kat.Theophanous@parliament.vic.gov.au,,,,Legislative Assembly,Theophanous,10/03/2023,,,,,,Australian Labor Party,ALP,(03) 9481 5777,,,,Parliamentary Secretary for Women's Health,Kat,,,,Ms,https://www.facebook.com/KatTheoMP,,
,,"44 New Street, Ringwood, VIC, 3134",Ringwood,Will.Fowles@parliament.vic.gov.au,,,,Legislative Assembly,Fowles,16/08/2023,,,,,,Independent,Ind,(03) 9870 7396,,,,,Will,,,,Mr,"https://www.facebook.com/willfowlesmpringwood/, https://willfowles.com.au, https://www.instagram.com/will.fowles.mp, https://www.tiktok.com/@will.fowles.mp, https://twitter.com/WillFowlesMP",,
,,"143 Main Street, Lilydale, VIC, 3140",Evelyn,Bridget.Vallence@parliament.vic.gov.au,,,,Legislative Assembly,Vallence,02/10/2023,,,"Shadow Minister for Industry, Shadow Minister for Tertiary Education, Shadow Minister for Manufacturing, Shadow Minister for Innovation, Shadow Minister for Skills and Training",,,Liberal Party,LP,(03) 9735 3208,,,,,Bridget,,,,Ms,"https://www.facebook.com/BridgetVallenceMP, https://twitter.com/BridgetVallence, https://www.bridgetvallence.com.au",,
,,"Suite 6,, 252 Bay Road, Sandringham, VIC, 3191",Sandringham,Brad.Rowswell@parliament.vic.gov.au,,,,Legislative Assembly,Rowswell,19/04/2023,,,Shadow Treasurer,,,Liberal Party,LP,(03) 9598 2688,,,,,Brad,,,,Mr,"https://www.facebook.com/BradRowswell/ , https://twitter.com/BradRowswell, https://bradrowswell.com.au/",,
,,"Suite 1, , 40 Montclair Avenue, Glen Waverley, VIC, 3150",Ashwood,Matt.Fregon@parliament.vic.gov.au,,,,Legislative Assembly,Fregon,09/03/2023,,,,,,Australian Labor Party,ALP,(03) 9561 0511,,,,Deputy Speaker of the Legislative Assembly,Matt,,,,Mr,"https://www.facebook.com/MattFregonMP, https://www.mattfregon.com.au/, https://twitter.com/mjfregon, https://www.instagram.com/mattfregonmp",,
,,"24 Rutland Road, Box Hill, VIC, 3128",Box Hill,Paul.Hamer@parliament.vic.gov.au,,,,Legislative Assembly,Hamer,08/04/2024,,,,,,Australian Labor Party,ALP,(03) 9898 6606,,,,Parliamentary Secretary for Economic Growth,Paul,,,,Mr,"https://www.facebook.com/PaulHamerMP, https://twitter.com/paulhamermp, https://paulhamermp.com/",,
,,"Ground Floor, 15 Main Road, Bakery Hill, VIC, 3350",Eureka,Michaela.Settle@parliament.vic.gov.au,,,,Legislative Assembly,Settle,21/12/2023,,,,,,Australian Labor Party,ALP,(03) 5331 7722,,,,"Parliamentary Secretary for Regional Development, Parliamentary Secretary for Agriculture",Michaela,,,,Ms,"https://www.michaelasettle.com.au, https://twitter.com/michaelasettle, https://www.facebook.com/MichaelaSettleMP",,
,,"Suite 1, 31 Nicholson Street, Brunswick East, VIC, 3057",Brunswick,Tim.Read@parliament.vic.gov.au,,,,Legislative Assembly,Read,17/01/2024,,,,,,The Australian Greens - Victoria,GRN,(03) 9384 1241,,,,"Spokesperson for Coal Transition, Spokesperson for Integrity, Spokesperson for Population Health, Spokesperson for Mental Health, Spokesperson for Ageing, Spokesperson for Science and Research",Tim,,,,Dr,"https://facebook.com//TimReadGreens, https://twitter.com/timrread, https://www.timread.org.au",,
,,"211 Dana Street, Ballarat, VIC, 3350",Wendouree,Juliana.Addison@parliament.vic.gov.au,,,,Legislative Assembly,Addison,20/04/2024,,,,,,Australian Labor Party,ALP,(03) 5331 1003,,,,,Juliana,,,,Ms,"https://www.facebook.com/JulianaAddisonMP, https://twitter.com/juliana_addison, https://www.JulianaAddison.com.au",,
,,"9 McBride Avenue, Wonthaggi, VIC, 3995",Bass,Jordan.Crugnale@parliament.vic.gov.au,,,,Legislative Assembly,Crugnale,11/05/2023,,,,"PO Box 320, Wonthaggi, VIC, 3995",,Australian Labor Party,ALP,(03) 5672 4755,,,,,Jordan,,,,Ms,https://www.facebook.com/JordanCrugnaleMP/,,
,,"Suite 2 Mountain High Centre, 7-13 High Street, Bayswater, VIC, 3153",Bayswater,Jackson.Taylor@parliament.vic.gov.au,,,,Legislative Assembly,Taylor,14/04/2023,,,,,,Australian Labor Party,ALP,(03) 9738 0577,,,,Secretary to the Parliamentary Labor Party,Jackson,,,,Mr,"https://www.facebook.com/JacksonTaylorMP, https://www.jacksontaylor.com.au, https://www.instagram.com/JacksonTaylormp",,
,,"Shop 24, 166 Somerville Road, Hampton Park, VIC, 3976",Narre Warren South,Gary.Maas@parliament.vic.gov.au,,,,Legislative Assembly,Maas,28/03/2023,,,,,,Australian Labor Party,ALP,(03) 8783 6959,,,,,Gary,,,,Mr,"https://www.facebook.com/GaryMaasNWS/, https://twitter.com/mgarymaas, https://www.garymaas.org.au",,
,,"3 Alexandra Street, Melton, VIC, 3337",Melton,Stephen.McGhie@parliament.vic.gov.au,,,,Legislative Assembly,McGhie,10/03/2023,,,,,,Australian Labor Party,ALP,(03) 9743 9825,,,,Cabinet Secretary,Steve,,,,Mr,"https://www.facebook.com/Steve4Melton/, https://stevemcghie.com.au/steve-mcghie/",,
,,"T06, 458-480 Torquay Road, Armstrong Creek, VIC, 3217",South Barwon,Darren.Cheeseman@parliament.vic.gov.au,,,,Legislative Assembly,Cheeseman,01/05/2024,,,,,,Independent,Ind,(03) 5218 5070,,,,,Darren,,,,Mr,"https://www.facebook.com/darrencheesemanmp/, https://www.instagram.com/darrencheesemanmp/, https://www.darrencheeseman.com.au",,
,,"PO Box 235, Port Melbourne, VIC, 3207",Albert Park,Nina.Taylor@parliament.vic.gov.au,,,,Legislative Assembly,Taylor,26/02/2024,,,,,,Australian Labor Party,ALP,(03) 9646 7173,,,,Parliamentary Secretary for Justice,Nina,,,,Ms,,,
,,"Suite 603, Level 1, Point Cook Town Centre,, 2 Main Street, Point Cook, VIC, 3030",Point Cook,mathew.hilakari@parliament.vic.gov.au,,,,Legislative Assembly,Hilakari,18/04/2023,,,,,,Australian Labor Party,ALP,(03) 9395 0221,,,,,Mathew,,,,Mr,,,
,,"352 Bell Street, Preston, VIC, 3072",Preston,nathan.lambert@parliament.vic.gov.au,,,,Legislative Assembly,Lambert,02/10/2023,,,,,,Australian Labor Party,ALP,(03) 9981 3547,,,,Parliamentary Secretary for Children,Nathan,,,,Mr,,,
,,"Tenancy 2,, 11-19 Commercial Road, Caroline Springs, VIC, 3023",Kororoit,tbc@parliament,,,,Legislative Assembly,Grigorovitch,18/05/2023,,,,,,Australian Labor Party,ALP,(03) 8361 7133,,,,,Luba,,,,Ms,"https://www.lubagrigorovitch.com.au, https://www.facebook.com/LubagrigorovitchMP/, https://www.instagram.com/LubagrigorovitchMP",,
,,"12 Parkhill Road, Kew, VIC, 3101",Kew,jess.wilson@parliament.vic.gov.au,,,,Legislative Assembly,Wilson,02/10/2023,,,"Shadow Minister for Finance, Shadow Minister for Economic Reform and Regulation, Shadow Minister for Early Childhood and Education",,,Liberal Party,LP,(03) 9853 2999,,,,,Jess,,,,Ms,"https://www.jesswilsonkew.com.au/, https://www.facebook.com/JessWilsonKew, https://www.instagram.com/jesswilsonkew/",,
,,"Shop 89, Corio Shopping Centre,, Bacchus Marsh Road, Corio, VIC, 3214",Lara,ella.george@parliament.vic.gov.au,,,,Legislative Assembly,George,18/04/2023,,,,,,Australian Labor Party,ALP,(03) 5275 3898,,,,,Ella,,,,Ms,"https://www.facebook.com/EllaGeorgeMP, https://www.instagram.com/ellageorgemp/",,
,,"35A Deakin Avenue, Mildura, VIC, 3500",Mildura,jade.benham@parliament.vic.gov.au,,,,Legislative Assembly,Benham,18/04/2023,,,,,,The Nationals,NAT,(03) 5021 2828,,,,The Nationals Whip in the Legislative Assembly,Jade,,,,Ms,"https://www.jadebenham.com.au, https://twitter.com/Jade_Benham, https://www.Instagram.com/jadebenham_mp, https://www.tiktok.com/@thegreenboots, https://www.facebook.com/Jade4Mildura",,
,,"188 Heaths Road, Hoppers Crossing, VIC, 3029",Tarneit,dylan.wight@parliament.vic.gov.au,,,,Legislative Assembly,Wight,13/02/2024,,,,,,Australian Labor Party,ALP,(03) 9651 8206,,,,,Dylan,,,,Mr,"https://www.facebook.com/dylanwightlabor, https://www.instagram.com/dylanwightmp/",,
,,"177 High Street, Maryborough, VIC, 3465",Ripon,martha.haylett@parliament.vic.gov.au,,,,Legislative Assembly,Haylett,09/03/2023,,,,,,Australian Labor Party,ALP,(03) 5461 1255,,,,,Martha,,,,Ms,https://www.marthahaylett.com.au/,,
,,"Shop 1, , 321 Main Street, Mornington, VIC, 3931",Mornington,chris.crewther@parliament.vic.gov.au,,,,Legislative Assembly,Crewther,09/03/2023,,,,,,Liberal Party,LP,(03) 5975 4799,,,,"Liberal Party Whip in The Legislative Assembly, Shadow Parliamentary Secretary for Justice and Corrections",Chris,,,,Mr,"https://www.chriscrewther.com.au, https://twitter.com/ChrisCrewther, https://www.facebook.com/CrewtherChris/, https://www.instagram.com/chriscrewthermp/",,
,,"2 Brentford Square, Forest Hill, VIC, 3131",Glen Waverley,john.mullahy@parliament.vic.gov.au,,,,Legislative Assembly,Mullahy,06/03/2024,,,,,,Australian Labor Party,ALP,(03) 9955 2501,,,,,John,,,,Mr,"https://www.johnmullahy.com.au, https://twitter.com/JohnMullahyMP, https://www.facebook.com/JohnMullahyMP, https://www.instagram.com/johnmullahymp/",,
,,"Suite 3,, 14 Yan Yean Road, Diamond Creek, VIC, 3089",Yan Yean,lauren.kathage@parliament.vic.gov.au,,,,Legislative Assembly,Kathage,06/07/2023,,,,,,Australian Labor Party,ALP,(03) 9432 9782,,,,,Lauren,,,,Ms,"https://www.facebook.com/laurenkathagemp, https://www.laurenkathage.com.au",,
,,"Shop 1, , 2333 Point Nepean Road, RYE, VIC, 3941",Nepean,sam.groth@parliament.vic.gov.au,,,,Legislative Assembly,Groth,27/07/2023,,,"Shadow Minister for Tourism, Sport and Events, Shadow Minister for Youth",,,Liberal Party,LP,(03) 5986 6661,,,,,Sam,,,,Mr,"https://www.facebook.com/SamGrothNepean, https://www.instagram.com/SamGroth/",,
,,"1635 Burwood Highway, Belgrave, VIC, 3160",Monbulk,daniela.demartino@parliament.vic.gov.au,,,,Legislative Assembly,De Martino,09/03/2023,,,,,,Australian Labor Party,ALP,(03) 9754 5401,,,,,Daniela,,,,Ms,"https://www.danielademartino.com.au, https://www.facebook.com/DanielaDeMartinoMP, https://www.instagram.com/DanielaDeMartinoMP",,
,,"Suite C308,, 1510 Pascoe Vale Road, COOLAROO, VIC, 3048",Greenvale,iwan.walters@parliament.vic.gov.au,,,,Legislative Assembly,Walters,21/03/2024,,,,,,Australian Labor Party,ALP,(03) 9651 8208,,,,Parliamentary Secretary for Disability,Iwan,,,,Mr,,,
,,"Shops 14 & 15,, 180 Gaffney Street, Coburg North, VIC, 3058",Pascoe Vale,anthony.cianflone@parliament.vic.gov.au,,,,Legislative Assembly,Cianflone,23/10/2023,,,,,,Australian Labor Party,ALP,(03) 9354 9935,,,,,Anthony,,,,Mr,"https://twitter.com/AnthonyC4PV, https://www.facebook.com/AnthonyCianfloneLaborforPascoeVale/, https://www.anthonycianflonemp.com.au, https://www.instagram.com/anthonycianflonemp/",,
,,"318 Wyndham Street, Shepparton, VIC, 3630",Shepparton,kim.okeeffe@parliament.vic.gov.au,,,,Legislative Assembly,O'Keeffe,24/10/2023,,,,,,The Nationals,NAT,(03) 5831 6944,,,,,Kim,,,,Ms,"https://www.instagram.com/kimokeeffe, https://www.facebook.com/Kim4Shepp",,
,,"Shop G066, Gateway Plaza,, 641-659 Bellarine Highway, Leopold, VIC, 3224",Bellarine,alison.marchant@parliament.vic.gov.au,,,,Legislative Assembly,Marchant,18/04/2023,,,,,,Australian Labor Party,ALP,(03) 5250 1987,,,,,Alison,,,,Mrs,"https://www.instagram.com/alisonmarchantmp/, https://www.facebook.com/alisonmarchantmp/",,
,,"25 Bridge Street, Benalla, VIC, 3672",Euroa,annabelle.cleeland@parliament.vic.gov.au,,,,Legislative Assembly,Cleeland,09/03/2023,,,,,,The Nationals,NAT,(03) 5762 1600,,,,"Shadow Parliamentary Secretary for Health, The Nationals Party Secretary",Annabelle,,,,Mrs,"https://www.annabellecleeland.com.au, https://www.facebook.com/annabelle4euroa, https://www.instagram.com/annabelle4euroa",,
,,"Shop 1,, 13 Eramosa Road West, Somerville, VIC, 3912",Hastings,paul.mercurio@parliament.vic.gov.au,,,,Legislative Assembly,Mercurio,13/03/2024,,,,,,Australian Labor Party,ALP,(03) 5977 5600,,,,,Paul,,,,Mr,"https://www.facebook.com/PaulMercurioLabor/, https://www.instagram.com/paulmercuriomp/, https://www.paulmercurio.com.au/",,
,,"Shops 101 & 102, Endeavour Hills Shopping Centre,, Matthew Flinders Avenue, Endeavour Hills, VIC, 3802",Narre Warren North,belinda.wilson@parliament.vic.gov.au,,,,Legislative Assembly,Wilson,18/04/2023,,,,,,Australian Labor Party,ALP,(03) 9706 0566,,,,Deputy Government Whip in the Assembly,Belinda,,,,Ms,"https://www.belindawilson.com.au, https://www.facebook.com/belindawilsonvic, https://www.instagram.com/belindawilsonvic",,
,,"Suite 3,, 445 Princes Highway, Officer, VIC, 3809",Pakenham,emma.vulin@parliament.vic.gov.au,,,,Legislative Assembly,Vulin,02/10/2023,,,,,,Australian Labor Party,ALP,(03) 9651 8254,,,,,Emma,,,,Ms,"https://www.facebook.com/EmmaVulinMP/, https://www.emmavulin.com.au/, https://www.instagram.com/emmavulinmp/",,
,,"Shop 42, , 1099-1169 Pascoe Vale Road, Broadmeadows, VIC, 3047",Broadmeadows,kathleen.matthews-ward@parliament.vic.gov.au,,,,Legislative Assembly,Matthews-Ward,15/05/2023,,,,,,Australian Labor Party,ALP,(03) 9300 3851,,,,,Kathleen,,,,Ms,"https://www.facebook.com/kathleenmatthewsward, https://www.instagram.com/kathleenmatthewsward",,
,,"Tenancy 2, Ground Floor,, 188-196 Gertrude Street, Fitzroy, VIC, 3065",Richmond,gabrielle.devietri@parliament.vic.gov.au,,,,Legislative Assembly,de Vietri,18/01/2024,,,,,,The Australian Greens - Victoria,GRN,(03) 9415 8901,,,,"Party Room Chair, Spokesperson for Renters Rights and Consumer Affairs, Spokesperson for LGBTIQA+ Equality, Spokesperson for Arts, Spokesperson for Waste and Circular Economy, Spokesperson for Disability Rights and Services",Gabrielle,,,,Ms,"https://twitter.com/GabrielledeVie, https://www.facebook.com/gabrielle.de.vietri, https://www.instagram.com/gabrielledevietri/, https://www.tiktok.com/@gabrielledevietri",,
,,"12-14 George Street, Morwell, VIC, 3840",Morwell,martin.cameron@parliament.vic.gov.au,,,,Legislative Assembly,Cameron,09/03/2023,,,,,,The Nationals,NAT,(03) 5133 9088,,,,"Shadow Parliamentary Secretary for Energy, Renewables and the SEC, Shadow Parliamentary Secretary for Small Business",Martin,,,,Mr,,,
,,"Shoop 1,, 80 Smith Street, Warragul, VIC, 3820",Narracan,wayne.farnham@parliament.vic.gov.au,,,,Legislative Assembly,Farnham,25/10/2023,,,,,,Liberal Party,LP,(03) 5623 1960,,,,Shadow Parliamentary Secretary to the Leader of the Opposition,Wayne,,,,Mr,https://www.waynefarnham.com.au,,
,,"Suite 2,, 1020 Doncaster Road, Doncaster East, VIC, 3109",Warrandyte,nicole.werner@parliament.vic.gov.au,,,,Legislative Assembly,Werner,01/12/2023,,,,,,Liberal Party,LP,(03) 9841 5166,,,,,Nicole,,,,Mrs,"https://www.facebook.com/NicoleWernerWarrandyte, https://www.instagram.com/nicolewerner_warrandyte/",,
,,"517A Princes Highway, Noble Park, VIC, 3174",Mulgrave,eden.foster@parliament.vic.gov.au,,,,Legislative Assembly,Foster,26/03/2024,,,,,,Australian Labor Party,ALP,(03) 9548 5644,,,,,Eden,,,,Ms,"https://www.facebook.com/edenfostermulgrave, https://www.instagram.com/edenfostermulgrave",,
,,"54B Cunninghame Street, Sale, VIC, 3850",Gippsland South,danny.obrien@parliament.vic.gov.au,,,,Legislative Assembly,O'Brien,21/06/2023,,,"Shadow Minister for Casino, Gaming and Liquor Regulation, Shadow Minister for Roads and Road Safety","PO Box 9250, Sale, VIC, 3850",,The Nationals,NAT,(03) 5144 1987,,,,,Danny,,,,Mr,,,
,,"75 Victoria Street, Seddon, VIC, 3011",Western Metropolitan,lizzie.blandthorn@parliament.vic.gov.au,,,,Legislative Council,Blandthorn,09/10/2023,"Level 22, 50 Lonsdale Street, Melbourne, VIC, 3000",1300 607 665,"Minister for Children, Minister for Disability",,,Australian Labor Party,ALP,03 9689 6373,,,,Deputy Leader of the Government in the Legislative Council,Lizzie,,,,The Hon.,"http://facebook.com/LizzieBlandthorn, http://instagram.com/lizzieblandthorn",,
,,"Ground Floor, 1 Yarra Street, Geelong, VIC, 3220",Western Victoria,gayle.tierney@parliament.vic.gov.au,,,,Legislative Council,Tierney,14/12/2023,"Level 1, 2 Treasury Place, East Melbourne, VIC, 3002",03 8392 2220,"Minister for Skills and TAFE, Minister for Regional Development",,,Australian Labor Party,ALP,(03) 5224 2088,,,,,Gayle,,,,The Hon.,,,
,,"Suite G01, 60 Leicester Street, Carlton, VIC, 3053",Northern Metropolitan,samantha.ratnam@parliament.vic.gov.au,,,,Legislative Council,Ratnam,24/04/2024,,,,,,The Australian Greens - Victoria,GRN,(03) 9348 2622,,,,"Spokesperson for First Nations Justice, Spokesperson for Multiculturalism and Anti-Racism, Spokesperson for Public and Affordable Housing, Spokesperson for Women, Gender Equality and Family Violence, Spokesperson for Sustainable Cities and Planning, Spokesperson for Child Protection, Spokesperson for Veterans",Samantha,,,,Dr,"https://greens.org.au/vic/samantharatnam, https://www.facebook.com/SamanthaRatnamGreens, https://twitter.com/SamanthaRatnam",,
,,"Unit 1, 9 Napier Street, Warragul, VIC, 3820",Eastern Victoria,jeff.bourman@parliament.vic.gov.au,,,,Legislative Council,Bourman,09/03/2023,,,,,,"Shooters, Fishers and Farmers Party Victoria",SFFP,(03) 5623 2999,,,,,Jeff,,,,Mr,,,
,,"shop 1/87 Sydney Street, Kilmore, VIC, 3764",Northern Victoria,jaclyn.symes@parliament.vic.gov.au,,,,Legislative Council,Symes,23/01/2024,"Level 26, 121 Exhibition Street, Melbourne, VIC, 3000",03 8684 1111,"Attorney-General, Minister for Emergency Services",,,Australian Labor Party,ALP,(03) 5783 2000,,,,Leader of the Government in the Legislative Council,Jaclyn,,,,The Hon.,"https://www.jaclynsymes.com.au/, https://twitter.com/JaclynSymes",,
,,"Tenancy 2, 80 Carmody Drive, Cairnlea, VIC, 3023",Western Metropolitan,Ingrid.Stitt@parliament.vic.gov.au,,,,Legislative Council,Stitt,27/11/2023,"50 Lonsdale Street, Melbourne, VIC, 3000",03 9096 8587,"Minister for Mental Health, Minister for Ageing, Minister for Multicultural Affairs",,,Australian Labor Party,ALP,(03) 9363 1644,,,,,Ingrid,,,,Ms,"https://www.facebook.com/IngridStittMP/, https://twitter.com/IngridStitt",,
,,"Town Square, Eastland Shopping Centre, 171-175 Maroondah Highway, Ringwood, VIC, 3134",North-Eastern Metropolitan,nick.mcgowan.ringwood@parliament.vic.gov.au,,,,Legislative Council,McGowan,05/04/2024,,,,,,Liberal Party,LP,03 9877 7188,,,,Shadow Parliamentary Secretary for Scrutiny of Government,Nick,,,,Mr,,,
,,"Suite 1, 600 Doncaster Road, Doncaster, VIC, 3108",North-Eastern Metropolitan,aiv.puglielli@parliament.vic.gov.au,,,,Legislative Council,Puglielli,18/01/2024,,,,,,The Australian Greens - Victoria,GRN,03 9850 8600,,,,"The Victorian Greens Whip - Legislative Council, Spokesperson for Young People, Spokesperson for Education, Spokesperson for Legal Cannabis and Drug Harm Reduction",Aiv,,,,Mr,"https://www.twitter.com/aivgoesgreen, https://www.facebook.com/AivGoesGreen, https://www.instagram.com/aivgoesgreen, https://www.tiktok.com/@aivgoesgreen",,
,,"5 Vaughan Street, Shepparton, VIC, 3630",Northern Victoria,rikkie-lee.tyrrell@parliament.vic.gov.au,,,,Legislative Council,Tyrrell,22/01/2024,,,,,,Pauline Hanson's One Nation,One Nation,03 4700 1787,,,,,Rikkie-Lee,,,,Mrs,https://www.facebook.com/RikkieLeeTyrrellMLC,,
,,"31 Princes Highway, Dandenong, VIC, 3175",South-Eastern Metropolitan,ann-marie.hermans@parliament.vic.gov.au,,,,Legislative Council,Hermans,30/01/2024,,,,,,Liberal Party,LP,(03) 9794 7667,,,,Shadow Cabinet Secretary,Ann-Marie,,,,Mrs,,,
,,"281 Centre Road, Bentleigh, VIC, 3204",Southern Metropolitan,ryan.batchelor@parliament.vic.gov.au,,,,Legislative Council,Batchelor,08/03/2024,,,,,,Australian Labor Party,ALP,03 9557 1500,,,,,Ryan,,,,Mr,"https://www.ryanbatchelor.com.au, https://www.twitter.com/ryanbatchelor, https://www.facebook.com/ryanbatchelormp, https://www.instagram.com/ryanbatchelormp",,
,,"Tenancy 3, 1-13 Watton Street, Werribee, VIC, 3030",Western Metropolitan,trung.luu@parliament.vic.gov.au,,,,Legislative Council,Luu,15/05/2023,,,,,,Liberal Party,LP,03 8742 3226,,,,"Shadow Parliamentary Secretary for Multicultural Affairs, Secretary of the Parliamentary Liberal Party",Trung,,,,Mr,,,
,,"Ground Floor, 17 Lydiard Street , Ballarat, VIC, 3350",Western Victoria,joe.mccracken@parliament.vic.gov.au,,,,Legislative Council,McCracken,03/10/2023,,,,,,Liberal Party,LP,03 5332 2405,,,,"Shadow Parliamentary Secretary for Regional Economic Development, Opposition Whip in Legislative Council",Joe,,,,Mr,"https://www.joemccracken.com.au/, https://www.facebook.com/JoeMcCrackenMP",,
,,"Suite 1/10-12 Blackburn Road, Blackburn, VIC, 3130",North-Eastern Metropolitan,richard.welch@parliament.vic.gov.au,,,,Legislative Council,Welch,15/03/2024,,,,,,Liberal Party,LP,03 9878 4113,,,,,Richard,,,,Mr,,,
,,"1/670 Chapel Street, South Yarra, VIC, 3141",Southern Metropolitan,david.davis@parliament.vic.gov.au,,,,Legislative Council,Davis,02/10/2023,,,"Shadow Minister for Energy, Affordability and Security, Shadow Minister for the SEC, Shadow Minister for the Arts and Creative Industries",,,Liberal Party,LP,(03) 9827 6655,,,,,David,,,,The Hon.,,,
,,"Ground Floor, 216 Commercial Road, Morwell, VIC, 3840",Eastern Victoria,harriet.shing@parliament.vic.gov.au,,,,Legislative Council,Shing,17/11/2023,"Level 16, , 8 Nicholson Street, East Melbourne, VIC, 3002",(03) 9637 9654,"Minister for Housing, Minister for Water, Minister for Equality",,,Australian Labor Party,ALP,(03) 5134 8000,,,,,Harriet,,,,The Hon.,"https://www.harrietshing.com.au, https://facebook.com/harrietshingmp, https://twitter.com/shingvworld",,
,,"Unit 1/747 Sydney Road, Brunswick, VIC, 3056",Northern Metropolitan,adem.somyurek@parliament.vic.gov.au,,,,Legislative Council,Somyurek,27/03/2024,,,,,,Independent,Ind,03 9386 4400,,,,,Adem,,,,The Hon.,https://www.twitter.com/AdemSomyurek,,
,,"222 Wyndham Street, Shepparton, VIC, 3630",Northern Victoria,wendy.lovell@parliament.vic.gov.au,,,,Legislative Council,Lovell,01/05/2024,,,,,,Liberal Party,LP,(03) 5821 6668,,,,Deputy President of the Legislative Council,Wendy,,,,The Hon.,"https://wendylovell.com.au, https://facebook.com/wendylovellMP, https://twitter.com/wendylovellmp",,
,,"Unit 4/91 Dorset Road, Ferntree Gully, VIC, 3156",North-Eastern Metropolitan,shaun.leane@parliament.vic.gov.au,,,,Legislative Council,Leane,10/03/2023,,,,"PO Box 4307, Knox City Centre, VIC, 3152",,Australian Labor Party,ALP,(03) 9887 0255,,,,President of the Legislative Council,Shaun,,,,The Hon.,"https://www.shaunleanemp.com.au, https://twitter.com/ShaunLeaneMP",,
,,"Suite 1, 780 Riversdale Road, Camberwell, VIC, 3124",Southern Metropolitan,georgie.crozier@parliament.vic.gov.au,,,,Legislative Council,Crozier,09/03/2023,,,"Shadow Minister for Health, Shadow Minister for Ambulance Services",,,Liberal Party,LP,(03) 7005 8699,,,,"Leader of the Opposition in the Legislative Council, Leader of the Liberal Party in the Legislative Council",Georgie,,,,Ms,,,
,,"Shop 2, 181 Franklin Street, Traralgon, VIC, 3844",Eastern Victoria,melina.bath@parliament.vic.gov.au,,,,Legislative Council,Bath,10/03/2023,,,,"PO Box 1506, Traralgon, VIC, 3844",,The Nationals,NAT,(03) 5174 7066,,,,"Shadow Parliamentary Secretary for Education, Volunteers and Public Land, Leader of The Nationals in the Legislative Council, The Nationals Whip in the Legislative Council",Melina,,,,Ms,,,
,,"16 Princes Highway, Dandenong, VIC, 3175",South-Eastern Metropolitan,lee.tarlamis@parliament.vic.gov.au,,,,Legislative Council,Tarlamis,10/03/2023,,,,,,Australian Labor Party,ALP,(03) 9793 2000,,,,Government Whip in the Legislative Council,Lee,,,,Mr,,,
,,"Office 2, 9-11 Williamsons Road, Doncaster, VIC, 3108",North-Eastern Metropolitan,Sonja.Terpstra@parliament.vic.gov.au,,,,Legislative Council,Terpstra,10/03/2023,,,,,,Australian Labor Party,ALP,(03) 9937 2566,,,,,Sonja,,,,Ms,"https://www.facebook.com/SonjaTerpstraMP/, https://twitter.com/TerpsMLC, https://sonjaterpstramp.com.au/",,
,,"1174 Nepean Hwy , Cheltenham, VIC, 3192",South-Eastern Metropolitan,David.Limbrick@parliament.vic.gov.au,,,,Legislative Council,Limbrick,27/03/2024,,,,,,Libertarian Party,Libertarian,(03) 9584 4013,,,,,David,,,,Mr,"https://www.facebook.com/davidlimbrickldp, http://www.ldp.org.au, https://twitter.com/_davidlimbrick",,
,,"Suite 5, 400-404 Pakington Street, Geelong, VIC, 3220",Western Victoria,Beverley.McArthur@parliament.vic.gov.au,,,,Legislative Council,McArthur,14/11/2023,,,,,,Liberal Party,LP,(03) 4245 4430,,,,Shadow Parliamentary Secretary for Roads and Road Safety,Bev,,,,Mrs,"https://twitter.com/BevMcArthurMP, https://www.facebook.com/BevMcArthurMP/, https://www.bevmcarthur.com",,
,,"GO2/30 English Street, Essendon Fields, VIC, 3041",Northern Metropolitan,enver.erdogan@parliament.vic.gov.au,,,,Legislative Council,Erdogan,08/02/2024,"Level 16, 121 Exhibition Street, Melbourne, VIC, 3000",1300 315 189,"Minister for Corrections, Minister for Youth Justice, Minister for Victim Support",,,Australian Labor Party,ALP,(03) 9651 8260,,,,,Enver,,,,The Hon.,,,
,,"G04/23 Black Street, Brunswick, VIC, 3056",Northern Metropolitan,sheena.watt@parliament.vic.gov.au,,,,Legislative Council,Watt,15/04/2024,,,,,,Australian Labor Party,ALP,03 7008 6588,,,,Parliamentary Secretary for Climate Action,Sheena,,,,Ms,,,
,,"Unit 1, 23 James Street, Pakenham, VIC, 3810",Eastern Victoria,tom.mcintosh@parliament.vic.gov.au,,,,Legislative Council,McIntosh,08/03/2024,,,,,,Australian Labor Party,ALP,03 5940 5010,,,,,Tom,,,,Mr,,,
,,"51 James Street, Pakenham, VIC, 3810",Eastern Victoria,renee.heath@parliament.vic.gov.au,,,,Legislative Council,Heath,15/05/2023,,,,,,Liberal Party,LP,03 5941 1112,,,,,Renee,,,,Dr,https://vic.liberal.org.au/team/renee-heath,,
,,"Shop 24, 55-63 Paringa Boulevard, Meadow Heights, VIC, 3048",Northern Metropolitan,evan.mulholland@parliament.vic.gov.au,,,,Legislative Council,Mulholland,11/04/2024,,,"Shadow Minister for Home Ownership and Housing Affordability, Shadow Minister for Outer Suburban Growth",,,Liberal Party,LP,03 9651 8242,,,,"Deputy Leader of the Opposition in the Legislative Council, Deputy Leader of the Liberal Party in the Legislative Council",Evan,,,,Mr,"https://www.evanmulholland.com.au, https://www.twitter.com/evmulholland, https://www.facebook.com/EvanDMulholland/, https://www.instagram.com/evmulholland, https://www.tiktok.com/@evanmulhollandnorth",,
,,"30 Queen Street, Bendigo, VIC, 3550",Northern Victoria,gaelle.broad@parliament.vic.gov.au,,,,Legislative Council,Broad,07/12/2023,,,,,,The Nationals,NAT,1300 423 553,,,,,Gaelle,,,,Mrs,"https://www.gaellebroad.com.au, https://www.facebook.com/GaelleBroadMP, https://www.instagram.com/gaellebroad",,
,,"Tenancy 3, 80 High Street, Woodend, VIC, 3442",Northern Victoria,georgie.purcell@parliament.vic.gov.au,,,,Legislative Council,Purcell,17/04/2024,,,,,,Animal Justice Party,AJP,03 5427 2444,,,,,Georgie,,,,Ms,"https://www.twitter.com/georgievpurcell, https://www.facebook.com/georgie.purcell.ajp, https://www.instagram.com/georgie.purcell.ajp, http://www.georgiepurcell.com.au",,
,,"141 Westall Road, Clayton South, VIC, 3169",South-Eastern Metropolitan,michael.galea@parliament.vic.gov.au,,,,Legislative Council,Galea,09/03/2023,,,,,,Australian Labor Party,ALP,03 7501 8688,,,,,Michael,,,,Mr,"https://www.twitter.com/michaelgalea, https://www.facebook.com/MichaelGaleaALP, https://www.instagram.com/michaelgaleamp, http://linktr.ee/michaelgalea",,
,,"384A Nepean Highway, Chelsea, VIC, 3196",South-Eastern Metropolitan,rachel.payne@parliament.vic.gov.au,,,,Legislative Council,Payne,19/04/2024,,,,,,Legalise Cannabis Victoria,LC,03 9651 8972,,,,,Rachel,,,,Ms,,,
,,"105a High Street, Prahran, VIC, 3181",Southern Metropolitan,john.berger@parliament.vic.gov.au,,,,Legislative Council,Berger,18/04/2023,,,,,,Australian Labor Party,ALP,03 7008 8466,,,,,John,,,,Mr,,,
,,"206-208 Bay Street, Brighton, VIC, 3186",Southern Metropolitan,katherine.copsey@parliament.vic.gov.au,,,,Legislative Council,Copsey,18/01/2024,,,,,,The Australian Greens - Victoria,GRN,03 9530 8399,,,,"Deputy Party Room Chair, Spokesperson for Justice, Spokesperson for Transport, Spokesperson for Gambling Harm Reduction, Spokesperson for Animal Protection, Spokesperson for Major Events",Katherine,,,,Ms,"https://www.facebook.com/KatherineCopseyGreens, https://www.instagram.com/katherinecopseygreens",,
,,"Suite 1 & 2, Level 2, 13-15 Lake Street, Caroline Springs, VIC, 3023",Western Metropolitan,moira.deeming@parliament.vic.gov.au,,,,Legislative Council,Deeming,04/10/2023,,,,,,Liberal Party,LP,(03) 8363 0288,,,,,Moira,,,,Mrs,https://www.moiradeeming.com.au,,
,,"Suite 101/19 Lacy Street, Braybrook, VIC, 3019",Western Metropolitan,david.ettershank@parliament.vic.gov.au,,,,Legislative Council,Ettershank,09/03/2023,,,,,,Legalise Cannabis Victoria,LC,03 9317 5900,,,,,David,,,,Mr,https://www.facebook.com/david.ettershank.5,,
,,"Parliament House, Spring Street, East Melbourne, VIC, 3002",Western Victoria,jacinta.ermacora@parliament.vic.gov.au,,,,Legislative Council,Ermacora,10/05/2023,,,,,,Australian Labor Party,ALP,03 9651 8238,,,,,Jacinta,,,,Ms,,,
,,"60 Brougham Street, Geelong, VIC, 3220",Western Victoria,sarah.mansfield@parliament.vic.gov.au,,,,Legislative Council,Mansfield,24/04/2024,,,,,,The Australian Greens - Victoria,GRN,03 5222 1941,,,,"Leader of the Greens in the Legislative Council, Co-Deputy Leader of the Victorian Greens, Spokesperson for Health Services and Reproductive Health, Spokesperson for Water, Spokesperson for Agriculture, Spokesperson for Rural and Regional Communities, Spokesperson for Local Government",Sarah,,,,Dr,"https://www.facebook.com/SarahMansfieldGreens, https://www.instagram.com/sarah_mansfield_greens",,
PO Box 5304,Gladstone,,Gladstone,,,Penny,Female,,,,,,,,4680,,,,image.jpg (https://v5.airtableusercontent.com/v3/u/35/35/1732068000000/rLaGnU5XCwZ57Sc7IzrasA/zibgcy7i-MO6NtNOMy7swtI3BqW-iYzFQhHTXRYyG983bVeYREPQ1AQem8G2j_9KOqGbJOax5kRUHty9-eWMzQfw8CZP9pipjhXrFKcpD87hJW_VlPYMCbPThwfb68eLBLONwG0Zlvzdj-InErvmJg/myXsVIKs-wx-G9GQd3LueKUCqlc8W5s3XGSIwXJIFkw),AG,Senator,,,Senator,QLD,Allman-Payne,Senator,,,Penny Allman-Payne
"Unit 11, Level 2, 440 William Street",Perth,,Perth,,,Dorinda,Female,,,,,,,,6000,,,,image.jpg (https://v5.airtableusercontent.com/v3/u/35/35/1732068000000/SLxsaAvggwsdD1GkIpTNHA/HYBc0f3a4eLSWvpkAsmyL60wQIKCslLPf06zbQD4KxcXCLmeyw0SbEIkYk521ReE69_ljf5YGmZ2JZzRunb9K7yym49QOcUtfx0KcBq7y8VjEsCRcBDYkq4siyXhhqvBvh79V-NOS63gxcHVpBfZ8g/mYB6KpQYxzTUjBQoSiWw4erTarteJuOM64KdnqStVp0),AG,Senator,,,Senator,WA,Cox,Senator,,"[{'base64': 'imagejpghttps//v5airtableusercontentcom/v3/u/35/35/1732068000000/SLxsaAvggwsdD1GkIpTNHA/HYBc0f3a4eLSWvpkAsmyL60wQIKCslLPf06zbQD4KxcXCLmeyw0SbEIkYk521ReE69ljf5YGmZ2JZzRunb9K7yym49QOcUtfx0KcBq7y8VjEsCRcBDYkq4siyXhhqvBvh79VNOS63gxcHVpBfZ8g/mYB6KpQYxzTUjBQoSiWw4erTarteJuOM64KdnqStVp0', 'type': None}]",Dorinda Cox
72 Campbell Street,Surry Hills,,Surry Hills,,,Mehreen,Female,,,,,,,,2010,,,,image.jpg (https://v5.airtableusercontent.com/v3/u/35/35/1732068000000/15_B1oqbB7-9y4K827x1UQ/DpKncqAgx_m-G0iny6VawvF1ZwRJxLfWR44hMKTsunDQhgS4TRhLhaS5TqApY8mIjTiIRaCU7UyXkwTN0-htt5sAnPuWi_6ncAYj03iO-K6A4iRlsjEpccj1bSrqSmUsqKtwKwt0NDiMCEfi8Xq-hA/fu_1iztZWpBRz6yoK-n4j9whadcWJHulrKIPuYkgVKw),AG,Senator,Deputy Leader of the Australian Greens,,Senator,NSW,Faruqi,Senator,,"[{'base64': 'imagejpghttps//v5airtableusercontentcom/v3/u/35/35/1732068000000/15B1oqbB79y4K827x1UQ/DpKncqAgxmG0iny6VawvF1ZwRJxLfWR44hMKTsunDQhgS4TRhLhaS5TqApY8mIjTiIRaCU7UyXkwTN0htt5sAnPuWi6ncAYj03iOK6A4iRlsjEpccj1bSrqSmUsqKtwKwt0NDiMCEfi8XqhA/fu1iztZWpBRz6yoKn4j9whadcWJHulrKIPuYkgVKw', 'type': None}]",Mehreen Faruqi
"Level 7, 147 Pirie Street",Adelaide,,Adelaide,,,Sarah,Female,,,,,,,,5000,,,,image.jpg (https://v5.airtableusercontent.com/v3/u/35/35/1732068000000/2JjLqFaDmSNKIwa10nduww/IIIS0gWJ5BAQuf1Idi-Wylrbt7uQjFB2aCVEWeComEqH0819c4NrYfDWod5ABpmClA545G3QGG1_8bAfsT9ouxC9s7OWCXVq8efolrJs_gaZn_DC26uTXbT3ERYXHHGQ8mnlLMoJpbXzVqM1nZRrBw/Ljd1Xb_tmlBfjawLM6Aj_WfT9lWs9C2Z9ZvtqNQHZlE),AG,Senator,Manager of Australian Greens Business in the Senate,,Senator,SA,Hanson-Young,Senator,,"[{'base64': 'imagejpghttps//v5airtableusercontentcom/v3/u/35/35/1732068000000/2JjLqFaDmSNKIwa10nduww/IIIS0gWJ5BAQuf1IdiWylrbt7uQjFB2aCVEWeComEqH0819c4NrYfDWod5ABpmClA545G3QGG18bAfsT9ouxC9s7OWCXVq8efolrJsgaZnDC26uTXbT3ERYXHHGQ8mnlLMoJpbXzVqM1nZRrBw/Ljd1XbtmlBfjawLM6AjWfT9lWs9C2Z9ZvtqNQHZlE', 'type': None}]",Sarah Hanson-Young
4 Treasury Place,East Melbourne,,East Melbourne,,,Steph,Female,,,,,,,,3002,,,,image.jpg (https://v5.airtableusercontent.com/v3/u/35/35/1732068000000/YJAbCv_ApriRGdm45VQPCA/Bn8z7hd7RJbvEiCnSsjSQYBGGPM19AWLao5Oq8Dz6JIwCHcn-n1gxOkSuNjy4badl-wlBpd0E0IY4t4-dzV2DW_T1aq3pj7Sr3jdpa0SKgLn1yE1VJnkVDNY6ijXky2ZWg_X66QePZ_zVnukl-xVvg/qiUDT6h6l_kesZwJ7U7kw5wlAh8_efGeu8nAqo3P7pc),AG,Senator,,,Senator,VIC,Hodgins-May,Senator,,"[{'base64': 'imagejpghttps//v5airtableusercontentcom/v3/u/35/35/1732068000000/YJAbCvApriRGdm45VQPCA/Bn8z7hd7RJbvEiCnSsjSQYBGGPM19AWLao5Oq8Dz6JIwCHcnn1gxOkSuNjy4badlwlBpd0E0IY4t4dzV2DWT1aq3pj7Sr3jdpa0SKgLn1yE1VJnkVDNY6ijXky2ZWgX66QePZzVnuklxVvg/qiUDT6h6lkesZwJ7U7kw5wlAh8efGeu8nAqo3P7pc', 'type': None}]",Steph Hodgins-May
GPO Box 896,Hobart,,Hobart,,,Nicholas,Male,,,,,,,,7000,,,,image.jpg (https://v5.airtableusercontent.com/v3/u/35/35/1732068000000/GkIvQljfOgozkGtYkZfwLA/ZozbE7wojB0w3aTAfmsK_bo0qhZi4UdBPcAYly3-VLfKy0LanLAT1YyHLRwULpCTLITzeuvP51CvU1bTSVi8iMAohE30qo5Ki70MTRVRaxWGfLjhW5pT_BxbBL9-7g8ElTdiC5IlgiKpMfbFqhZk0Q/ZfDpSyLFp3bdWRUMp03a_S-1zVa-ArkncuSf4LMhOv0),AG,Senator,Australian Greens Whip,,Senator,TAS,McKim,Senator,,,Nicholas McKim
"Level 1, 110 King William Road",Goodwood,,Goodwood,,,Barbara,Female,,,,,,,,5034,,,,image.jpg (https://v5.airtableusercontent.com/v3/u/35/35/1732068000000/_CJIFxVPjbzNolRZTdTjiQ/9RRVKb1QImi-KYbTu7qzCJIchXOBy4-5GjpABr2arLeEjDMHxrW-bkfXcXbmS63Tr5ZgAFExntyA7CE9hAKQZqIauEaoBlhlAGE3STX3ZiFzNbNNMOeHqWnu3TpMtzcuo_u5fQ4jofJ6kVA5iEsdKg/CT7-4-I1aqg3_p-13TcPkkeK5TzMDwoEbq9wY_QTqz0),AG,Senator,,,Senator,SA,Pocock,Senator,,"[{'base64': 'imagejpghttps//v5airtableusercontentcom/v3/u/35/35/1732068000000/CJIFxVPjbzNolRZTdTjiQ/9RRVKb1QImiKYbTu7qzCJIchXOBy45GjpABr2arLeEjDMHxrWbkfXcXbmS63Tr5ZgAFExntyA7CE9hAKQZqIauEaoBlhlAGE3STX3ZiFzNbNNMOeHqWnu3TpMtzcuou5fQ4jofJ6kVA5iEsdKg/CT74I1aqg3p13TcPkkeK5TzMDwoEbq9wYQTqz0', 'type': None}]",Barbara Pocock
"Suite 201, Level 2, 1A Lawson Square",Redfern,,Redfern,,,David,Male,,,,,,,,2016,,,,image.jpg (https://v5.airtableusercontent.com/v3/u/35/35/1732068000000/Mhw-3rRUxV3ioJ8jZCTupA/swlAnuXNs40VTb25vdnRPbN-9RPla4TrQKPPmV3o49JdBzUruM_LnvgstcB1OhOaFDS8a8errsWVqcvOO23QC3vvgWLfahByVz0q1vwFWh7QcrPweAQTb7Mrjg3R33RZLZmfDQRLtJWfb2-rgxs1zw/-deTPkrYuIkOm8p9lutAVAKwvQvbVs0jPAOxuMILamw),AG,Senator,,,Senator,NSW,Shoebridge,Senator,,,David Shoebridge
"Office 1.19, Level 1, 140 William Street",Perth,,Perth,,,Jordon,Male,,,,,,,,6000,,,,image.jpg (https://v5.airtableusercontent.com/v3/u/35/35/1732068000000/bGdLZTEi68WN_-bAhak9Dg/vwI-VWQq_e4WL2v8b6S6uU3ofZSz6SVs8NNk2hHDbZGUsftzWKRIOIJtuN2gGwqODnzz3BXs0T90u-SMwSddRRHJFAOTxk-LLRSQ29Y_BS7kprrFuAyToNN-SwF9dVafxGvWKvXBGf5WbXfeIdB9OQ/oseXSXNwy5bjRMjLDTbhcOpv1H1AtZt4shKswOijzEw),AG,Senator,,,Senator,WA,Steele-John,Senator,,,Jordon Steele-John
Locked bag 3004,Paddington,,Paddington,,,Larissa,Female,,,,,,,,4064,,,,image.jpg (https://v5.airtableusercontent.com/v3/u/35/35/1732068000000/FOTNJNKRRFxs5GNEGwWi0g/hPWQ3ZxCwNwUtopuNtoIIVdoEeITi0xx5V1hhSkBiw3mfD7suqdXNQXAS5mnAv8hkT-b8jrXr9TZb52PT8al9XZ6wk47CwwaczIiqKD-UPh_GGZpNF6OwjwySI1fGPEMpU317uqw2jJSursZjf9NdQ/c-cyqE2mZsuUlVux-Q7gUHMqtY63gE7JRc_hUQ4Zj5A),AG,Senator,Leader of the Australian Greens in the Senate,,Senator,QLD,Waters,Senator,,"[{'base64': 'imagejpghttps//v5airtableusercontentcom/v3/u/35/35/1732068000000/FOTNJNKRRFxs5GNEGwWi0g/hPWQ3ZxCwNwUtopuNtoIIVdoEeITi0xx5V1hhSkBiw3mfD7suqdXNQXAS5mnAv8hkTb8jrXr9TZb52PT8al9XZ6wk47CwwaczIiqKDUPhGGZpNF6OwjwySI1fGPEMpU317uqw2jJSursZjf9NdQ/ccyqE2mZsuUlVuxQ7gUHMqtY63gE7JRchUQ4Zj5A', 'type': None}]",Larissa Waters
PO Box 5194,Launceston,,Launceston,,,Peter,Male,,,,,,,,7250,,,,image.jpg (https://v5.airtableusercontent.com/v3/u/35/35/1732068000000/fLDUCaARcjEgvIoIq6nNBQ/WTASPNS6HEio0sTnAb2cYs4dik8oXwu1eu-F5B4lMdBLFfT0x_8dctJOYwNHEysjE-pVWOjRYDsFYH4gwsdCgB4aZyfWBDkOPdtlOT-8J5Wl4NVjLFwidRJK36BJ4NR9HDFTIW-7UyrflFcDbAyFVg/34dgXB0IxJMW5kLNXUqDpx_W7y0QFXS8v_LYjWypdYs),AG,Senator,,,Senator,TAS,Whish-Wilson,Senator,,,Peter Whish-Wilson
PO Box 3306,Redfern,,Redfern,,,Timothy,Male,,,,,,,,2016,,,,image.jpg (https://v5.airtableusercontent.com/v3/u/35/35/1732068000000/tYSV8ahYkeTGRxrZuaR7CA/pW3R4KtHFvI_NMcj1-KriA8wJAdLaU7j5LKw6_5-s0qAgBtL9AsncfITuvyX4wVnGiYJGuObZuBP5ETR0lN2RcYpYjFTMrh2L57msjEucaz6q1RasYgQY4mq9san8FPXA99gwz2m112x3XJVH_jrDg/fUVzbYrFlO2m51s9wwkUedueOVEtKp0lPDQxLKRGiSs),ALP,Senator,Assistant Minister for Trade; Assistant Minister for a Future Made in Australia Senator the Hon(Deputy Leader,,Senator,NSW,Ayres,Senator the Hon,,,Timothy Ayres
PO Box 320,Kingston,,Kingston,,,Catryna,Female,,,,,,,,7050,,,,image.jpg (https://v5.airtableusercontent.com/v3/u/35/35/1732068000000/cYiNMRrTWU4Da3JLYEUvoA/HqPFrEIGueD99hutL62u2qUB93kec7LYDkefNyg5lzIg30oPGztfMQD38mvNAdFb48nLl1v5asKC9DmgNY7-CM0r8xophx44OAqHvdDgjjBZbLTaT4uo-CUoNNgCpZ-Wcv0nzH9K-4S0HL95inF2Mw/OIFoT2wgRbC7XOsi4dgOxUY0P4vMjMo35stJVggMyJI),ALP,Senator,,,Senator,TAS,Bilyk,Senator,,,Catryna Bilyk
GPO Box 376,Hobart,,Hobart,,,Carol,Female,,,,,,,,7000,,,,image.jpg (https://v5.airtableusercontent.com/v3/u/35/35/1732068000000/DL_batP4fHDGIUnl8GXidQ/v6QOv7Xm8BO8AZvLZoa7t5hjuKEEgjG_qlo6BjCGrYHZuO1dQw6jMS7vi5xZX-9wzr_yRQBdduDQmIeE50pimEPUuDXyRDjT2IrdWbphGT5jqVy83PfpTW9ElhxbWJi5dYpmTb3DMaDcTMuNkJB30w/2nb2xzTmHrxp4PAHptXk3Y1IPEiiSvHHbCntIMB8mzs),ALP,Senator,,,Senator,TAS,Brown,Senator the Hon,,,Carol Brown
PO Box 1117,North Lakes,,North Lakes,,,Anthony,Male,,,,,,,,4509,,,,image.jpg (https://v5.airtableusercontent.com/v3/u/35/35/1732068000000/2HJnofadHH_m865lwXoFEg/2oGy3Mbg5iVhx3O9LUg1Cb9tpWBwR-dKafshL6pvfa70xMXs128-h9ZOweZdD_nsDzAAJMHeTqj6BVA1Lmjy4dJNE0BT26NCJ6jR9d-YBUWqiCL0yFW0jJbSlL1xCxoxvrZPyR1MK3BDnefKSgSFTg/8YgUU1DhesmUyoMMaU6-5o24-Vbic8Gr2LQLHqDvjPM),ALP,Senator,"Assistant Minister for Education; Assistant Minister for Regional Development; Assistant Minister for Agriculture, Fisheries and Forestry (Deputy Manager of Government Business in the Senate)",,Senator,QLD,Chisholm,Senator the Hon,,,Anthony Chisholm
1A Blackburn Road,Blackburn,,Blackburn,,,Raffaele,Male,,,,,,,,3130,,,,image.jpg (https://v5.airtableusercontent.com/v3/u/35/35/1732068000000/yDigskdxZgWueFnTWXRi-g/F8e4JmtmbYNSgwwL7B1hmnqFzCLxSmbWoNIwU1fUF9iP8VOsWz31ndoeKSlPQlQ992AIO8M0PnshLiN5ifo_-ekID5jwZwe8BwteCIOE1ZLLi3loibwUoXhwA3VOF5FYalB2A8ExmOwIPHEAYFABng/5Ain3ufCesluL3oEVCIsZ2NB3thTE-ZrTkf1Up5E7iY),ALP,Senator,Deputy Government Whip in the Senate,,Senator,VIC,Ciccone,Senator,,,Raffaele Ciccone
"Level 3 North, 4 Treasury Place",East Melbourne,,East Melbourne,,,Lisa,Female,,,,,,,,3002,,,,image.jpg (https://v5.airtableusercontent.com/v3/u/35/35/1732068000000/T92IjLFrfPzDWk5Bb3KJMw/6vRY-XaAHkXOavHKSd1kY2CU0P1O1HxqrLszRHcJGYjefnq0QIRRW-gyJQ9tenHLvK9B-pazPAxm7y7jVwn7eh-eERgg3z1wKWwRZKCqf18eLBx2OEfd3GQvb-EteuujMGmpRQcXc82Df9Ooc3K2VQ/fl7CDNCvrWt8GgNSKO7_Oyyp6SiIKdOTkMt4rFlbUjU),ALP,Senator,,,Senator,VIC,Darmanin,Senator,,"[{'base64': 'imagejpghttps//v5airtableusercontentcom/v3/u/35/35/1732068000000/T92IjLFrfPzDWk5Bb3KJMw/6vRYXaAHkXOavHKSd1kY2CU0P1O1HxqrLszRHcJGYjefnq0QIRRWgyJQ9tenHLvK9BpazPAxm7y7jVwn7eheERgg3z1wKWwRZKCqf18eLBx2OEfd3GQvbEteuujMGmpRQcXc82Df9Ooc3K2VQ/fl7CDNCvrWt8GgNSKO7Oyyp6SiIKdOTkMt4rFlbUjU', 'type': None}]",Lisa Darmanin
PO Box 6338,Halifax Street,,Adelaide,,,Donald,Male,,,,,,,,5000,,,,image.jpg (https://v5.airtableusercontent.com/v3/u/35/35/1732068000000/T_AAw_62KUGDfmILGuhI7w/N8vLkU-69xKqwBolAnCnP8UuWvI0YgtyYbREUoijmHKvOZoYMQXmGwm0QNne-LSN2we6FWK64qPWSyX9pascbBIaYtaRTBLumDZNEHD1cIp2Y3COR3n-fvJPHIYZBOIYTcCHy8dUFpaSxKzZzrftYg/8Ayy7Uap3R0o3uafWTB1JHOjJyEeJZ46ng_Bfmd2azc),ALP,Senator,Minister for Trade and Tourism; Special Minister of State (Deputy Leader of the Government in the Senate),,Senator,SA,Farrell,Senator the Hon,,"[{'base64': 'imagejpghttps//v5airtableusercontentcom/v3/u/35/35/1732068000000/TAAw62KUGDfmILGuhI7w/N8vLkU69xKqwBolAnCnP8UuWvI0YgtyYbREUoijmHKvOZoYMQXmGwm0QNneLSN2we6FWK64qPWSyX9pascbBIaYtaRTBLumDZNEHD1cIp2Y3COR3nfvJPHIYZBOIYTcCHy8dUFpaSxKzZzrftYg/8Ayy7Uap3R0o3uafWTB1JHOjJyEeJZ46ngBfmd2azc', 'type': None}]",Donald Farrell
"Unit 3, 40 Corinna Street",Phillip,,Phillip,,,Katherine,Female,,,,,,,,2601,,,,image.jpg (https://v5.airtableusercontent.com/v3/u/35/35/1732068000000/IPyjTYe0dDT2OdX1_zfimg/vg3pLjx4mv1b-AMb62q1KKnb2r3bobLGQueEyJbj8Dn7q5Y5hlZasQbHB-fQ9Sx-SNjNw_XrYvA76XXaUZwqKMMPFj9_sdHvDr65reHDxHYDKjvYybW18Z_mBDTdKgBQDKazM-Pa9p0pYiA5acqbVw/CvLQsWrZ-GwRtFt9JwspbShc8IutypdDH3eCjRMCnqM),ALP,Senator,Minister for the Public Service; Minister for Finance; Minister for Women (Vice-President of the Executive Council and Manager of Government Business in the Senate),,Senator,ACT,Gallagher,Senator the Hon,,,Katherine Gallagher
GPO Box B58,Perth,,Perth,,,Varun,Male,,,,,,,,6000,,,,image.jpg (https://v5.airtableusercontent.com/v3/u/35/35/1732068000000/0MIXtP-tmCFPt0ywegd5TA/ov1xOa10z1vSd2Ghw77d8UOzlk3CmRN0irhqZf-mSUgQJPIYtGwrHA3_bASM91jphSAu6qTFS8QmRfoNd853sPyJolP_x00dFGiAo_7nZ3Y4EB6zDOkrZ1aXeNjowk9g8hfpjKOL6lBkmppQ_5ENBg/ryWxhLRea4XT00IwbTOf8uq4WOpWNelciwDd2AKbkIU),ALP,Senator,,,Senator,WA,Ghosh,Senator,,"[{'base64': 'imagejpghttps//v5airtableusercontentcom/v3/u/35/35/1732068000000/0MIXtPtmCFPt0ywegd5TA/ov1xOa10z1vSd2Ghw77d8UOzlk3CmRN0irhqZfmSUgQJPIYtGwrHA3bASM91jphSAu6qTFS8QmRfoNd853sPyJolPx00dFGiAo7nZ3Y4EB6zDOkrZ1aXeNjowk9g8hfpjKOL6lBkmppQ5ENBg/ryWxhLRea4XT00IwbTOf8uq4WOpWNelciwDd2AKbkIU', 'type': None}]",Varun Ghosh
PO Box 4716,Cairns Post Shop,,Cairns,,,Nita,Female,,,,,,,,4870,,,,image.jpg (https://v5.airtableusercontent.com/v3/u/35/35/1732068000000/yxVujiuqKfTneS0-4cylTg/-AdwJd312KjqpUN1_V0WLCoU52JqxPz2ISo64XOfaarnvlYpqOIFJ4RsuLfwdj6dxUdGUGOqx_Ndp0qyyNumjiHD76HF1H_mP8Cqe1lNB5hKaA378N_v9ZQ4fJu6jSGIMCMgbwdC-ChqYMRLq2QdzQ/wbaU83Rb-9njnQzbnp4hh2-iliJw-pKPndtzpiZXFH4),ALP,Senator,,,Senator,QLD,Green,Senator,,"[{'base64': 'imagejpghttps//v5airtableusercontentcom/v3/u/35/35/1732068000000/yxVujiuqKfTneS04cylTg/AdwJd312KjqpUN1V0WLCoU52JqxPz2ISo64XOfaarnvlYpqOIFJ4RsuLfwdj6dxUdGUGOqxNdp0qyyNumjiHD76HF1HmP8Cqe1lNB5hKaA378Nv9ZQ4fJu6jSGIMCMgbwdCChqYMRLq2QdzQ/wbaU83Rb9njnQzbnp4hh2iliJwpKPndtzpiZXFH4', 'type': None}]",Nita Green
265 Churchill Road,Prospect,,Prospect,,,Karen,Female,,,,,,,,5082,,,,image.jpg (https://v5.airtableusercontent.com/v3/u/35/35/1732068000000/jWVFUobRlZf8rpTwKfdgoA/3r16-o71k5aIGdu5x8jOwtiWOcTLDrMOEDXiqsyTa8g6Iek1d3iipgUigl7Ku3Bu5uY11ujnrtXSJJI07DxossBuDMT7R6tSuBwaoYHyvKu1cNAWT426tX7reBYFH-BlnpLb2K95_fF9ae0HXz9v_Q/0YFMt-mhD_nEO45bZN7KQ7v4a6g2NRhiFM2bt_fil4k),ALP,Senator,Deputy Government Whip in the Senate,,Senator,SA,Grogan,Senator,,,Karen Grogan
PO Box 1322,West Perth,,West Perth,,,Susan,Female,,,,,,,,6005,,,,image.jpg (https://v5.airtableusercontent.com/v3/u/35/35/1732068000000/ejYCMzMF8wlEdP8OnEP3Hg/wSRugPefif-0xkHBLpD9imhdOKj7crYlljkRlkffLZcJOx8_9AFdu9RLwIAQj5VuKv3AgJC8lKqqFO2jzh4aOBCLDck2GncK1G3MlBZ2mvL6OZs2GPR0yVddbqUKFz46cOqwl-cfysnu_qoLtNc7gQ/hStoDMjSPuSOjG87uStZfuAAbIGplFF9rSHB_px1MfY),ALP,Senator,President of the Senate,,Senator,WA,Lines,Senator the Hon,,,Susan Lines
"Suite 501, Level 5, 54-66 Wentworth Avenue",Surry Hills,,Surry Hills,,,Jennifer,Female,,,,,,,,2010,,,,image.jpg (https://v5.airtableusercontent.com/v3/u/35/35/1732068000000/2oBhNcBCpfATZy3jER5c5Q/lEVgv4EIbkpw9WkZHEPuCDMDaWsUM0ulel4D57NQX3PG--xH433bywqjnqPogY-8-G3o9TKTNTbB0RXkLMw085dRGB3RwreIPOxIZunZJc0rRIjAr3GzhYjVRbKOS-XggEDXTnnmOIC7rrk29SPvvA/Z-L6Sy6hgDuiXF3YeE91fuWzLhTaY4Lb9qyfUcTa26k),ALP,Senator,Minister for Emergency Management; Minister for Cities,,Senator,NSW,McAllister,Senator the Hon,,"[{'base64': 'imagejpghttps//v5airtableusercontentcom/v3/u/35/35/1732068000000/2oBhNcBCpfATZy3jER5c5Q/lEVgv4EIbkpw9WkZHEPuCDMDaWsUM0ulel4D57NQX3PGxH433bywqjnqPogY8G3o9TKTNTbB0RXkLMw085dRGB3RwreIPOxIZunZJc0rRIjAr3GzhYjVRbKOSXggEDXTnnmOIC7rrk29SPvvA/ZL6Sy6hgDuiXF3YeE91fuWzLhTaY4Lb9qyfUcTa26k', 'type': None}]",Jennifer McAllister
PO Box 1596,Darwin,,Darwin,,,Malarndirri,Female,,,,,,,,O800,,,,image.jpg (https://v5.airtableusercontent.com/v3/u/35/35/1732068000000/Fmgmy49bbRq1GAz0ejngnA/6raDC7eSv2z6sjnBbcCRS0RI6xqwnou3cskEjv4kmYaPTOgLJmQ-5J18UIvOBVHQ2F4EhMsTpqyUFci9GytBWPVj0-lVna4r02Ht_1viCO-id_EbSr1HWLv9NK3KLcDUtDJ05QaTvFwYO1HIntk4ag/sBjX0Pzho1f9PGdfjzo-Cdlx3QcF00kkiHY8CEOfQeI),ALP,Senator,Minister for Indigenous Australians,,Senator,NT,McCarthy,Senator the Hon,,"[{'base64': 'imagejpghttps//v5airtableusercontentcom/v3/u/35/35/1732068000000/Fmgmy49bbRq1GAz0ejngnA/6raDC7eSv2z6sjnBbcCRS0RI6xqwnou3cskEjv4kmYaPTOgLJmQ5J18UIvOBVHQ2F4EhMsTpqyUFci9GytBWPVj0lVna4r02Ht1viCOidEbSr1HWLv9NK3KLcDUtDJ05QaTvFwYO1HIntk4ag/sBjX0Pzho1f9PGdfjzoCdlx3QcF00kkiHY8CEOfQeI', 'type': None}]",Malarndirri McCarthy
"Suite 3.12, The Platinum Building, 4 Ilya Avenue",Erina,,Erina,,,Deborah,Female,,,,,,,,2250,,,,image.jpg (https://v5.airtableusercontent.com/v3/u/35/35/1732068000000/deeX7xt_gPM7-isegdc9wQ/J7OZJ98dZqaNUKWg2xHTZoOXxWFzuC3c7zmC19Fn36atZxtdBczbukUC3656AVDN3K-T3LrRqm5aSkbodTykPjLJD0VHhKeCU73ItZzRU5z_pYThjLj4wR64HVma9W0kydodQjrlh7OpurAHaBLSFQ/dmqX-y6k3JrqkySxoFjRlU1pTwgLosxHUSRyeKy6p20),ALP,Senator,,,Senator,NSW,O'Neill,Senator,,,Deborah O'Neill
PO Box 1223,Launceston,,Launceston,,,Helen,Female,,,,,,,,7250,,,,image.jpg (https://v5.airtableusercontent.com/v3/u/35/35/1732068000000/8_D0mLDgR5kIPbNgM-am8w/B4WZ83dKfGMecPPVoidF7qGoaDmb85zuIoDb_rII615Bu_sR9FFTMSmI-tMr9HtzduujXPjQuIRJo7dz-JZxfnoFZlgjav3f1QLkfDo4wABWgFArwcxmg9wvRTSLpOYhq-X0ERDdVN0mdxV4qGg3Gg/ltvEgo3FZehxBhWdb8sc9wJjbgTaCUdhvS8XXDEhcDE),ALP,Senator,,,Senator,TAS,Polley,Senator,,,Helen Polley
PO Box 531,Belmont,,Belmont,,,Louise,Female,,,,,,,,6104,,,,image.jpg (https://v5.airtableusercontent.com/v3/u/35/35/1732068000000/JwfQ5OSDELbeV-_6hxNzGw/09RZaOs3LWR0J8nS83hNJ7lm19m7fNZz70OOSpWMKCy-ZRhWRzJfogHT663h2UON_nHPBAzC9xa6h34ptBH0-8g_irAkJRzf6yXnAqfNWTfRxHC2jy8DfAOb9aSLdnOljp9YjgEG0gIu-gxFBQAS1g/1Ks7EgY_uEwUZNfJFoOqE9BC5n3s3LW7f-c4Crc61P4),ALP,Senator,,,Senator,WA,Pratt,Senator,,,Louise Pratt
"Suite 11.02, Level 11, 66 Goulburn Street",Sydney,,Sydney,,,Anthony,Male,,,,,,,,2000,,,,image.jpg (https://v5.airtableusercontent.com/v3/u/35/35/1732068000000/qybj1QjDYKwGagXC_U4asQ/FzDZZ08QbtFHRFTql10nCdq-pzZMunKDnsV02HTauzuW_5bwgFUt3TH1BqiNgbEHHRWrO8HXtxX8fYMQlJfj4fZMkMlF2eoZrFNOYnISD8cSEEbeH1KBuFtM2o1vtuvNHFPPELQOxuppswsA6W0EqQ/YGM1Gbf9j5ktwe-Gq95wlUG_LkTc8SAvVyco_6NgDAE),ALP,Senator,,,Senator,NSW,Sheldon,Senator,,"[{'base64': 'imagejpghttps//v5airtableusercontentcom/v3/u/35/35/1732068000000/qybj1QjDYKwGagXCU4asQ/FzDZZ08QbtFHRFTql10nCdqpzZMunKDnsV02HTauzuW5bwgFUt3TH1BqiNgbEHHRWrO8HXtxX8fYMQlJfj4fZMkMlF2eoZrFNOYnISD8cSEEbeH1KBuFtM2o1vtuvNHFPPELQOxuppswsA6W0EqQ/YGM1Gbf9j5ktweGq95wlUGLkTc8SAvVyco6NgDAE', 'type': None}]",Anthony Sheldon
T1 10 Park Terrace,Bowden,,Bowden,,,Marielle,Female,,,,,,,,5007,,,,image.jpg (https://v5.airtableusercontent.com/v3/u/35/35/1732068000000/9f7z-AwFHeGA7vb4e-bRsA/zi8Ra-LmpWLQHfKX6-Fe8vmzFcq-Xj6nLZ4PYDknAflNdvzXi1DdqKoJk8CxWkQ5tASyMeaiZM7CiGGpA6O3JZ7c6vjX6FKoAYtyaYTUmvQ12QO7kDEKEJcsIFrg_HtS5-WvacF-Yj_NPDPWSsI14g/UsEcvk9VYAYtznxqZGGsTK8qRXrRSZdcB9mbcGSqZs0),ALP,Senator,,,Senator,SA,Smith,Senator,,,Marielle Smith
"Units G2 and G3, 150-152 Riseley Street",Booragoon,,Booragoon,,,Glenn,Male,,,,,,,,6154,,,,image.jpg (https://v5.airtableusercontent.com/v3/u/35/35/1732068000000/WfbBKXq-y9l-F-8DjSkQaA/yz7m2zMEsPnLiFoZ34JAclT54c-B60E5bwoqiFWoc31zNi9inT7Rr4Caa2Qo_1d6CKeX9KabwGdZjGxWH26LklOPbG4sSKtQz1yNXpVqms2xhaoDTfbnFO0elGWhNjIEYxaExATGIyXxmM7lLu9zuQ/MK3yVP9Xkc7vGLfAmN8TjExgzkaU1Oh_65_SrQQQA0U),ALP,Senator,,,Senator,WA,Sterle,Senator,,,Glenn Sterle
PO Box 75,Reservoir,,Reservoir,,,Jana,Female,,,,,,,,3073,,,,image.jpg (https://v5.airtableusercontent.com/v3/u/35/35/1732068000000/2Seurtoa_LpR3y8OYfmk_g/WgSHmHPHPSPuGB8tdT7bVA6_kacxVLZk7fUd5VHfVLiPcaP11X5gQshuzTwUySJlMcFPZ7mL164mSMtTxLwsz1x81jZ4BnVHZ1FhJd_2NyJ4-SyISFSb-4Aa5_DWPS4fWPNno-BH--krlmyNocfyzw/gxzwC7BNM_W4jCDEZfMQUnowwoBWrTSpMnq8SnEYdcQ),ALP,Senator,,,Senator,VIC,Stewart,Senator,,,Jana Stewart
PO Box 360,Devonport,,Devonport,,,Anne,Female,,,,,,,,7310,,,,image.jpg (https://v5.airtableusercontent.com/v3/u/35/35/1732068000000/l2P4zfikOl2fuG-miqVjAg/MPVjjgPqTQShy6MNdJaZdPF2SKxSydMHdO-4bbl9N3wAtT33eTtiS4kmhHjBMyY8Rfmfd4h_cihMyvLQJXJzHkAKZmu9vMpiyrT20NWZPanpr5CZSiykdEu9DlfamIOIyQKKeMj3rKpD2MaNzNe8ow/1-9PgRiPLnHbZi3wSe7wkWXovFpS-spzbQP83qY_lNg),ALP,Senator,Government Whip in the Senate,,Senator,TAS,Urquhart,Senator,,"[{'base64': 'imagejpghttps//v5airtableusercontentcom/v3/u/35/35/1732068000000/l2P4zfikOl2fuGmiqVjAg/MPVjjgPqTQShy6MNdJaZdPF2SKxSydMHdO4bbl9N3wAtT33eTtiS4kmhHjBMyY8Rfmfd4hcihMyvLQJXJzHkAKZmu9vMpiyrT20NWZPanpr5CZSiykdEu9DlfamIOIyQKKeMj3rKpD2MaNzNe8ow/19PgRiPLnHbZi3wSe7wkWXovFpSspzbQP83qYlNg', 'type': None}]",Anne Urquhart
PO Box 233,Brunswick East,,Brunswick East,,,Jess,Female,,,,,,,,3057,,,,image.jpg (https://v5.airtableusercontent.com/v3/u/35/35/1732068000000/6Mro4WeAR9xzyOeOOD7kgQ/3K7kOkdzh5Qm6dKlkIRDm4q0cOR9b2xLU-UnMSQHzHJe3aZ-nxbSfmV6l0Wz54tsPdCt_qDlHsQNqzB7CcAHR8yIkcsSnqavYJtUldrMY-fHJnQgYmbFsejop_fSk54p3pa1o8O-oQFDAeb06jcNiw/UX3sqRiuom3GAGBBCSW_uCjPs8H51-6cRwRtEd-7j3I),ALP,Senator,,,Senator,VIC,Walsh,Senator,,,Jess Walsh
PO Box 310,Southport Business Centre,,Southport,,,Murray,Male,,,,,,,,4215,,,,image.jpg (https://v5.airtableusercontent.com/v3/u/35/35/1732068000000/ley8NATHsqa3edRkMij7Tg/fMLjteTMmiBvlhcg1mFPJswvzZlZpqZuu776OwEzHU7XTM5rW-DWoMCL1xhhN4lEHJjkp_MI6HfS2wQUO3UdP-CHsyYE0o1Is0US-cBnc8GXJxH7NTMGdxvg7lXvGAJHemYCN1trpnKCqrS-3mJA3Q/d2ZZHTUS4inKB5ujFcVbHhhxcAM7zCeOhdyeheaJ8Zg),ALP,Senator,Minister for Employment and Workplace Relations,,Senator,QLD,Watt,Senator the Hon,,,Murray Watt
"PO Box 6237, Halifax Street",Adelaide,,Adelaide,,,Penny,Female,,,,,,,,5000,,,,image.jpg (https://v5.airtableusercontent.com/v3/u/35/35/1732068000000/s-K9_JMYfAEgj3ysc3qbVg/JEMlovqGh77GNlzkOQgX1uacnfioc2OHUC0o7oco3gSLclP2ECllNZO26eE-sZI2IBRejYXdD7agCDERfINdyVXSYVb7IuzeCXd_6QbgCWAybNqw9TQojKw9jquGFYwcl-GvDuW2SWRzd069IKDsrA/F0lTxtMgcDXr6SVsNIhPbA36UmPdSJkG2X2cL7Si0is),ALP,Senator,Minister for Foreign Affairs (Leader of the Government in the Senate),,Senator,SA,Wong,Senator the Hon,,,Penny Wong
PO Box 40021,Casuarina,,Jingili,,,Jacinta,Female,,,,,,,,O810,,,,image.jpg (https://v5.airtableusercontent.com/v3/u/35/35/1732068000000/VgzjoSmVqt3jb9mbn-BMfA/po7S2RtnZ6rLkeRTbK-crWvR5l2Xx5i6JGdD4vVb3eHUbfnJXaMhZdcoj3lHHAVCNBwJ2tuouQRwsvOX5WgGyopWsoY_5tt6-o8nq04VrBJVIcsPq0A7at-8ecNiLBK4TinHMENYQdHekARkO5w_Nw/CNLpiZGYgag608xXvLinizotndrUnpt9T_Q-jWMWmIE),CLP,Senator,,,Senator,NT,Nampijinpa Price,Senator,,,Jacinta Nampijinpa Price
GPO Box B58,Perth,,Perth,,,Fatima,Female,,,,,,,,6000,,,,image.jpg (https://v5.airtableusercontent.com/v3/u/35/35/1732068000000/C35Z_46VBGvPGLz27eQ-jA/p-eXnq6w_t1YWlgHH3UrywfF-bgqutybHXAQ0C-axZzC0dEa---2uhBaVRrDTrBdedmhYaMl1IZ6DQE2BHioNoFpbrTlrRB1ZSHLmWzGYsfDYTrZtnJG-3LIhTuAY6td960aDADiXJ-2wOQAUOpoug/nwxs28SOSnajn9WLnk93pzcVt4G7etjDzfKvX9TyVoc),IND,Senator,Independent WA Whip,,Senator,WA,Payman,Senator,,,Fatima Payman
PO Box 705,Gungahlin,,Gungahlin,,,David,Male,,,,,,,,2912,,,,image.jpg (https://v5.airtableusercontent.com/v3/u/35/35/1732068000000/2pt3NbLFWiingaAtHKK5gQ/lznOJFqw4Nydl0nxtdmGvwMmbzvcpzmreJrF7JY96PeOEsl9qgJ5Uvd_8VsmniDbx89K92FEtSWuiC6cYVSW7y5p1iRhask7Q80cOIz77zF14vCSEyahjO7NfWkvW_FnVpWjEkX5_tArtAoyaeJMAg/fhdA82L3o3B0phJG3Fi7HiTBNLQoUSWmFvhAx3w2ZgY),IND,Senator,Independent ACT Whip,,Senator,ACT,Pocock,Senator,,,David Pocock
PO Box 2350,Chermside Centre,,Chermside,,,Gerard,Male,,,,,,,,4032,,,,image.jpg (https://v5.airtableusercontent.com/v3/u/35/35/1732068000000/3iP5vtyXDo6q0mGoNIbBmA/TtmnyJYuyTHB1bnX3qjbrntkak1lYxLkvcEWB60s1W3r8EgjuVjUAoAX9pqI3S6LagVXQDaPbnxglUDIUUcE4eLx5MVuSxdvwnszORkgT8DKAV7F7VNFERQeBRF0SyeL_m0cqYgQiQBypJ-ZhfV3iQ/ojP00VdNbM5DsZ0NiulnKI6qi055O-UhC9kUyFFKn5E),IND,Senator,Independent QLD Whip,,Senator,QLD,Rennick,Senator,,,Gerard Rennick
"PO Box 1526, 186-188 Smith Street",Collingwood,,Collingwood,,,Lidia,Female,,,,,,,,3066,,,,image.jpg (https://v5.airtableusercontent.com/v3/u/35/35/1732068000000/dCdsUC6KPv-WRN9wVwLxMg/5Jm_C4Uoc9-7bTu_7gg9Tie8c6zvF4xUMiVqXu19ox3zFn2Z2tKQrSspT3Xl-v4-8Rod6m5J0YigaO2OZqVm0GkS_sDMuj3EJEFrSctIbpRHafr4Px8PNACBT3Vc4rYDWw5ZtjmOQnwt_gV9eqJoDw/3hRxqNobtG6adl_7SAIjIkZGW71YdwhK5OpVyXANBek),IND,Senator,Independent VIC Whip,,Senator,VIC,Thorpe,Senator,,,Lidia Thorpe
PO Box 1087,Launceston,,Launceston,,,Tammy,Female,,,,,,,,7250,,,,image.jpg (https://v5.airtableusercontent.com/v3/u/35/35/1732068000000/78DUmO-n6y5N-Uz92QqGew/D9v9Fh4JWmjEvpxF-BwQq-MiFhySF0zeropfsJ9bgmD4FGxg9qr5WEgDtO7tXGuVirKbZaa57vC0kXJIpgMhpBzVAmmynnDr8JdXHGwN4zT8VaB5YOJjOjbJjX2A83XPXXMIp0W_paJ8pBmFFmxHzQ/mSGg-jTA97XvmH-qlbmvdlRqoPtNzYXe-cf6Hg-UcEg),IND,Senator,Independent TAS Whip,,Senator,TAS,Tyrrell,Senator,,,Tammy Tyrrell
18 Park Road,Cheltenham,,Cheltenham,,,David,Male,,,,,,,,3192,,,,image.jpg (https://v5.airtableusercontent.com/v3/u/35/35/1732068000000/BdpBMD7z1v5-52CptHR0XA/OcyOT67qwhyGy24__xhVU57h6_H6VgQVF6Pu9c67sl-0NLQ6wEzJE0OqgcH7MkyTx4Pob8DtvhjAR0Ny_gUor3hwesg5rOKl0R_9uDnbyBsl9_T-2AhT_C3hJTX4NmTJMY2NYsMkBEze20xdG9bqnQ/bWHf0YwxpucFaZIOofBynms69dwMLloxqRTDdow7YaE),IND,Senator,Independent VIC Whip,,Senator,VIC,Van,Senator,,"[{'base64': 'imagejpghttps//v5airtableusercontentcom/v3/u/35/35/1732068000000/BdpBMD7z1v552CptHR0XA/OcyOT67qwhyGy24xhVU57h6H6VgQVF6Pu9c67sl0NLQ6wEzJE0OqgcH7MkyTx4Pob8DtvhjAR0NygUor3hwesg5rOKl0R9uDnbyBsl9T2AhTC3hJTX4NmTJMY2NYsMkBEze20xdG9bqnQ/bWHf0YwxpucFaZIOofBynms69dwMLloxqRTDdow7YaE', 'type': None}]",David Van
PO Box 256,Burnie,,Burnie,,,Jacqui,Female,,,,,,,,7320,,,,image.jpg (https://v5.airtableusercontent.com/v3/u/35/35/1732068000000/N06nSu0hkBXEnOJT5ohkyA/mTF03DwGtVj1sm8J1PcKML56aW3I1HgNbqtl1_mjQ7EymfOV74AnIANkZgJvH0l-DCt-On4DrSTX4WzPBukQlaa6B9uWY6l31VJSrIQQo5NJukWNK_gTYI1QFNB9dUw0NCINKyME5aTk9sE-l6OsWA/rpJsiYDEmP_7wWD84aD14eBWg-zRlja3JxZ5JYVTvq4),JLN,Senator,,,Senator,TAS,Lambie,Senator,,,Jacqui Lambie
PO Box 2185,Townsville,,Townsville,,,Susan,Female,,,,,,,,4810,,,,image.jpg (https://v5.airtableusercontent.com/v3/u/35/35/1732068000000/oGPdaQYvlZTSz2Y6A71ipg/U4m24J-RmLKf5Hcs69U81o0epzUTkhTIu2zIY8R8ENyyBKXYcRe-cT3hLFNdSk-K2SKWBvhghOBis37exow2f_5UXMGbiGK-YfSjJyHD3-HjxHLWxiY2zcJvdGJzf4B4ft-QSAdsgv80qIca5s3ZXA/sO3k9jT5mKGv8k82iF5vTiQJDCQtBZxpWpPvXpQBZ5s),LNP,Senator,,,Senator,QLD,McDonald,Senator,,,Susan McDonald
PO Box 772,Nambour,,Nambour,,,James,Male,,,,,,,,4560,,,,image.jpg (https://v5.airtableusercontent.com/v3/u/35/35/1732068000000/l8FGt87a4-NRc0JZBKbmtg/KT0_6qdsLmlHsi0nFQpdl7mAuOgfUeRv6cAX4Y7mc7rt3u4SKmpD7sN6xQT9A-BozJKDb0WOi3W3e_ER5k7PRpFLATnsuWrdiU2Atapfkk2BBFQ8iROgzNLaeGhsjfIiB6B6IfptUCreBsCBYt9CLA/dwJuFwIyizkqYkj5rnmGc2QFbrAOO-xD4fLjOsSYJV0),LNP,Senator,,,Senator,QLD,McGrath,Senator the Hon,,,James McGrath
398 Main North Road,Blair Athol,,Blair Athol,,,Alexander,Male,,,,,,,,5084,,,,image.jpg (https://v5.airtableusercontent.com/v3/u/35/35/1732068000000/5U6P-kX_nLXyOOhDFTT32A/jzID2I7Yf0R4okEKTkcfSNDv7rBuo1m0TW0vDVy5Fq0kirhqxKK7HAIkhY7MwJUJ3R--tTQW3ozsqGK6DfKDgKkRL6KVdawvZjqnxIXe-gwWn64eRSe_BUgr14aNSUNd0QutLG7G3_RHh6n5Lwmz3g/8-cxmt9BRUlYgz44uvB_4vcWk4yo4IB8YztZe03XS1o),LP,Senator,,,Senator,SA,Antic,Senator,,,Alexander Antic
PO Box 97,Launceston,,Launceston,,,Wendy,Female,,,,,,,,7250,,,,image.jpg (https://v5.airtableusercontent.com/v3/u/35/35/1732068000000/_L3oRF6eJ6vCayDGwjkSJA/17ew3O-50Ve95D0JQQy9Sm0yu9WI460OIoz00y280vWmQdbY8z38iIQfz-97oV2c6n-BGuRtTuBvTOpaHK3wiAYFh4jHASVXYxvwKRS70JdhFvgLNgF648A69o64phoOMlnYzOkSxYcfrFgibssHkQ/Zf2SjGWef6rXTwHZuOKzUXKqvX0Ga1K4yDjCVqEkbEI),LP,Senator,Opposition Whip in the Senate,,Senator,TAS,Askew,Senator,,,Wendy Askew
107 Sir Donald Bradman Drive,Hilton,,Hilton,,,Simon,Male,,,,,,,,5033,,,,image.jpg (https://v5.airtableusercontent.com/v3/u/35/35/1732068000000/C_Tx0kOU0Jqwics4qgXT5Q/GmUgZGensoAcucGohRbP5ib24HxOUkm76LqmHsBX2gI5cEX4HYEW6GDIdd_4-p4bcOrvoY7d99jjF3HUZhxSIWXMyUmxePAGg0DFKdvt3s8w-OI6EqaPmqIejpObCzBCoEhJGDnX2ywW-YjrzfAMqw/cFFSeIBadbA9wsTXFe87Ae2JngIiAcVCgBeeiSG_nIQ),LP,Senator,Leader of the Opposition in the Senate,,Senator,SA,Birmingham,Senator the Hon,,"[{'base64': 'imagejpghttps//v5airtableusercontentcom/v3/u/35/35/1732068000000/CTx0kOU0Jqwics4qgXT5Q/GmUgZGensoAcucGohRbP5ib24HxOUkm76LqmHsBX2gI5cEX4HYEW6GDIdd4p4bcOrvoY7d99jjF3HUZhxSIWXMyUmxePAGg0DFKdvt3s8wOI6EqaPmqIejpObCzBCoEhJGDnX2ywWYjrzfAMqw/cFFSeIBadbA9wsTXFe87Ae2JngIiAcVCgBeeiSGnIQ', 'type': None}]",Simon Birmingham
GPO Box 5411,Sydney,,Sydney,,,Andrew,Male,,,,,,,,2000,,,,image.jpg (https://v5.airtableusercontent.com/v3/u/35/35/1732068000000/8rmWifbrLzrdv_HdJdO2Zg/9CkhynZ2a1FEgHV0YY0vcVdfh7uu9CQ8d-Ni3fuDymlYBK9nUym6eNYgR5Yy7zzuDn-zdm0vWlrcqu1gCCuQtBUnkDVexMpkG8EkZk2mfPVVb_Lnb1g5nUhNushdAucL5hhWu_743BCR6mk5UN1-sQ/wfbohDj21R3FJThf0yxS2svEMAJgFVTMbGtl34OLtuo),LP,Senator,,,Senator,NSW,Bragg,Senator,,"[{'base64': 'imagejpghttps//v5airtableusercontentcom/v3/u/35/35/1732068000000/8rmWifbrLzrdvHdJdO2Zg/9CkhynZ2a1FEgHV0YY0vcVdfh7uu9CQ8dNi3fuDymlYBK9nUym6eNYgR5Yy7zzuDnzdm0vWlrcqu1gCCuQtBUnkDVexMpkG8EkZk2mfPVVbLnb1g5nUhNushdAucL5hhWu743BCR6mk5UN1sQ/wfbohDj21R3FJThf0yxS2svEMAJgFVTMbGtl34OLtuo', 'type': None}]",Andrew Bragg
"Unit 4, 1 Harper Terrace",South Perth,,South Perth,,,William,Male,,,,,,,,6151,,,,image.jpg (https://v5.airtableusercontent.com/v3/u/35/35/1732068000000/0wdnkyavzO--BCdTm5k1HA/USxzb5D38__3bsC76qtpV97hS0G6jSQwE93yi5KtQPwwjuGShzLbQQuz5n8NYit6RtcRBUKJgDCmXqYUsEshpA28Ynwl-nkno0EKyauGuX69NJ2am3p8rSE2k4BvvyQrZEImDjvc9-Zk801QjzIwBA/uZppieJeeWx275sciEurcW5osWNlvbb9aPmrbgZh5Us),LP,Senator,,,Senator,WA,Brockman,Senator,,"[{'base64': 'imagejpghttps//v5airtableusercontentcom/v3/u/35/35/1732068000000/0wdnkyavzOBCdTm5k1HA/USxzb5D383bsC76qtpV97hS0G6jSQwE93yi5KtQPwwjuGShzLbQQuz5n8NYit6RtcRBUKJgDCmXqYUsEshpA28Ynwlnkno0EKyauGuX69NJ2am3p8rSE2k4BvvyQrZEImDjvc9Zk801QjzIwBA/uZppieJeeWx275sciEurcW5osWNlvbb9aPmrbgZh5Us', 'type': None}]",William Brockman
PO Box 1966,West Perth,,West Perth,,,Michaelia,Female,,,,,,,,6005,,,,image.jpg (https://v5.airtableusercontent.com/v3/u/35/35/1732068000000/mC7RT-2PwtAiFMeSGBWjHg/jJMbOFKXuoGMxEn9Mpd7lZ4sq5ird7Bpwmn0RMTUbXDGl3b1obvRZGzzYqWkBPxXYbrzmhUPLEfZKswTJJLtYMlhIJ7YLjCykdq-U9jLJu3X0NrQ4m0r51gugYz0WX4pFCI-3ElP1PnZjnl3_BqVYQ/GQvTA2lu-shErLtjIXBDizGwyeWcXGZW43YUIJZXNOc),LP,Senator,Deputy Leader of the Opposition in the Senate,,Senator,WA,Cash,Senator the Hon,,,Michaelia Cash
GPO Box 250,Richmond,,Richmond,,,Claire,Female,,,,,,,,7025,,,,image.jpg (https://v5.airtableusercontent.com/v3/u/35/35/1732068000000/o9KiquvwSivJfaL7IC-jZg/cJtUQQeF9zkO8hTgmZvKvQ-Y8U4NLmrsvWsSDLGzjQ9Cez_iTqUiynW1XE29YeTAYXkORBosLqbIOkVkuPUloDUh7vNgkvkXH0iNwvHKenrk3_ibzBWiWmseM2U5SFwAUO31j-ESMHyjRpDzHIUqoA/RfRV9id7yMqDv927wJHPa0XHhNOB_8dFrpWdgs-cB88),LP,Senator,,,Senator,TAS,Chandler,Senator,,,Claire Chandler
PO Box 603,Devonport,,Devonport,,,Richard,Male,,,,,,,,7310,,,,image.jpg (https://v5.airtableusercontent.com/v3/u/35/35/1732068000000/PcQcVIAPZfX_wqKzelVwRg/BPf1EHTBHf3N8kvgPruM5JcoRaccpNAtayMiVYW8ec3nyTJk0u9PWVw4n2IaUyobTCH8yUAat1muDo55ULIHwB6cBw-BrUrOcgOXBOXP0PVQi_978hQnXBH49-kdaM00ne7TbXrYWlyrImWkyjDMNg/jrY2eQAU-UK0s6rLP_hf-vu87ZxOGZPe6UeoT9mTRg8),LP,Senator,,,Senator,TAS,Colbeck,Senator the Hon,,,Richard Colbeck
GPO Box 453,Hobart,,Hobart,,,Jonathon,Male,,,,,,,,7000,,,,image.jpg (https://v5.airtableusercontent.com/v3/u/35/35/1732068000000/I5X9HU6ZRWOYhumkZzNV-Q/TAQPBb3GaGwXKnaa5_nodZkXKYBDfP0o-fyEYyfRNXg-nus7_3RBDQ-rGuoznihfh1fjUWKumtzwucegj3zr7pFrpuKuQlhqyi_f2dn4iTkhRV66v6-AiqWIkOX1nt8_qlYhtiReq_8p0gzBM3mZOQ/l2WQg7RbrZm_hrn5APKAMS_X_SDBa4695upjxu0XXqk),LP,Senator,Deputy Manager of Opposition Business in the Senate,,Senator,TAS,Duniam,Senator the Hon,,,Jonathon Duniam
"Commonwealth Parliament Offices, Suite 4, Level 13, 100 King William Street",Adelaide,,Adelaide,,,David,Male,,,,,,,,5000,,,,image.jpg (https://v5.airtableusercontent.com/v3/u/35/35/1732068000000/v2pFmu7u4nD8WiKLpkCtDA/ds1uoYZp_bd1kOHztQZiBkpfTzAk-hPp0rB6X9x-CmQqhbp40k1OY0hlliW4IKOGVYenMWbJR7QAP1-pnuiIbhXv2gPQjPv7W5OfNUcZCl30l9HfPAx7pGzAOkNoBVdAFtwUVKNLHm2zFbiTlTEIJA/IRErJUjBWcQOepaOPoPfXIWAoKbQO9dJs-Uc5bHLrIU),LP,Senator,,,Senator,SA,Fawcett,Senator the Hon,,,David Fawcett
PO Box 321,Geelong,,Geelong,,,Sarah,Female,,,,,,,,3220,,,,image.jpg (https://v5.airtableusercontent.com/v3/u/35/35/1732068000000/ncf1AZsj63FP78afGpzEWQ/Px4bK-eub_b0IESfD0UmY81MY-Yi4nzidb2biqtEKsyUqgfKpijFB9ssBQkte3zMWPcbr6438jOvDjSAdaH9n03jFnMT_r2tMe9e763g2pnhVLv9xWzEE_ytNxn3uBiJaHIGCPnxg2IwEJqoYfseNg/55cu3zJ8-M4e4rqi7DdC-G-sU2pvmk89EqR93sbOPk0),LP,Senator,,,Senator,VIC,Henderson,Senator the Hon,,,Sarah Henderson
GPO Box 36,Sydney,,Sydney,,,Hollie,Female,,,,,,,,2000,,,,image.jpg (https://v5.airtableusercontent.com/v3/u/35/35/1732068000000/qdy3tBkze0V15yhy84Aa3w/vwQ4vgk-CAEiOQekpFpslz7QNV9bvQSMxHNoLsdRs4hT_qiaFryvh0IbDb0UHXs08UQoP_KlUMc_K9nH9iOkIZqyo6ZzWQsiUuKHczDAF7QTa_y3CLc13aqDWxExHSEEDZ1uct07Fr3m6dc-3fo4ZQ/IaHzZ4KKcbEz4dDw6cKUErTFoBjhSvsD1N0eNER3kUo),LP,Senator,,,Senator,NSW,Hughes,Senator,,"[{'base64': 'imagejpghttps//v5airtableusercontentcom/v3/u/35/35/1732068000000/qdy3tBkze0V15yhy84Aa3w/vwQ4vgkCAEiOQekpFpslz7QNV9bvQSMxHNoLsdRs4hTqiaFryvh0IbDb0UHXs08UQoPKlUMcK9nH9iOkIZqyo6ZzWQsiUuKHczDAF7QTay3CLc13aqDWxExHSEEDZ1uct07Fr3m6dc3fo4ZQ/IaHzZ4KKcbEz4dDw6cKUErTFoBjhSvsD1N0eNER3kUo', 'type': None}]",Hollie Hughes
PO Box 224,Richmond,,Richmond,,,Jane,Female,,,,,,,,3121,,,,image.jpg (https://v5.airtableusercontent.com/v3/u/35/35/1732068000000/-9RVRwURHJT3VEQn__nRJA/9xvT1wIuHZVbANVp48WM1oWIJKRm4WpxgFDh8mlSIEHWoiIB9BbLzH5yLFkZi9C3OIcD8JxSE5_4gw3xcYi5p0i1ONzvTC81xD0nssuWZyw-PiyxYB5fgbg1wddXagq7UlGZVGKOVnA3oU6vml5QEg/n22JYjRVvxdhVUDncrRJFjQHkA-4Fu-RtTIiir4gt58),LP,Senator,,,Senator,VIC,Hume,Senator the Hon,,,Jane Hume
GPO Box 36,Sydney,,Sydney,,,Maria,Female,,,,,,,,2000,,,,image.jpg (https://v5.airtableusercontent.com/v3/u/35/35/1732068000000/5U5s8yb3RXR6gxN6Odgq1g/PQmuEBFICVQSMQuKAyaL-qj8WMmN2KKt4Zv6zg3ZgLJoc0fIvls18jysv9vpSpsY6vIBd6ArCiutO2ZmTL0svqjCmxRrW4uVaYk-XLMoVvjLhmevw3OOFVDpUz8FNutvqrYj5g7kuNGezCVjQa8WuQ/8P8-KAI8LTXihoFifRwf0u8nBNzZHwvh9f-EYc66ZTc),LP,Senator,Deputy Opposition Whip in the Senate,,Senator,NSW,Kovacic,Senator,,,Maria Kovacic
"Level 2, 31 Ebenezer Place",Adelaide,,Adelaide,,,Kerrynne,Female,,,,,,,,5000,,,,image.jpg (https://v5.airtableusercontent.com/v3/u/35/35/1732068000000/HLi3HkJP6ajoCgx3Bu8IxA/g6pB8PmWHNGU2ILQrpbW2YLnVQgJqFcCSEVK-sOCzGGhAN4-cFEWCARNfymo0lgcHNO0fq5fSDjjAwIs-zTFggItu4dweHrDreKAF5PWO6WRheen8Gr_a2QtElKak_-uiWZM7Ez3PnVwyrHNm5SN8w/ad-l4TUIBaFT3srPNmeq0Ow3nte5fWbGkxvd38GBKI0),LP,Senator,,,Senator,SA,Liddle,Senator,,,Kerrynne Liddle
"Level 1, 97 King William Street",Kent Town,,Kent Town,,,Andrew,Male,,,,,,,,5067,,,,image.jpg (https://v5.airtableusercontent.com/v3/u/35/35/1732068000000/uo4KWdW2302hVL5uFoIVDQ/qxI_3b2uamDZNjKn7s-y4dwP6R_fU4lNjI7MXmwBZLKlozF8McjNKsAYPGkxwZlvzqNtoZT-d0KXkxhFVAb8rO_AbUQTf9Au87OlHzVco3oCBdqSxVusSKZvOmMu97vgc8Om8lzEwHMuFm_wxZSlOg/AA0-nSJr6uTt_nfRfx_no3ERqEOj60KaSsl1w2dZALw),LP,Senator,Deputy President and Chair of Committees,,Senator,SA,McLachlan,Senator,,,Andrew McLachlan
PO Box 3466,Success,,Success,,,Matthew,Male,,,,,,,,6164,,,,image.jpg (https://v5.airtableusercontent.com/v3/u/35/35/1732068000000/jMk8Z82IwR2AMC34HZrSjg/2NgVn7c9-41pi3bM-f-gHy6eTnC14CXiOPkzAXOw5qu3O9odYVuMqgEa_qYuxKhKG57MfHAGRgbwZhb_UTCp-d-efeXmGc0_zOKxCAz1Qc0xrtsNR1Vvqin8QLYuDdKcEWA7b_7P2bVnfkzJ6Gn93g/OTrr4BQagH2SKOJd3sgHTU3lpHR6GoZGktwcqYhw9Yc),LP,Senator,Deputy Opposition Whip in the Senate,,Senator,WA,O'Sullivan,Senator,,,Matthew O'Sullivan
"Ground floor, 63 York Street",South Melbourne,,South Melbourne,,,James,Male,,,,,,,,3205,,,,image.jpg (https://v5.airtableusercontent.com/v3/u/35/35/1732068000000/jNrH6oEmF6USu7e00_Apmg/SV6wPn-VBce_aQKByOJxSmSs5Te8U4-mIz_EqLegwL5hJiOs-yOrQfYV2MjB_R6oQlnDzKq0Tol_qULIhVk0bpOReKc7ZxXADlg8fiFJwo4Ay_BlXVj4kMV40lsnfnqrUTNMQWD18u8mF6ikLTHFog/0U5M_6DAMzPlLMDVm3RHvWmEJ7jqwKcUUZhehebBMMs),LP,Senator,,,Senator,VIC,Paterson,Senator,,"[{'base64': 'imagejpghttps//v5airtableusercontentcom/v3/u/35/35/1732068000000/jNrH6oEmF6USu7e00Apmg/SV6wPnVBceaQKByOJxSmSs5Te8U4mIzEqLegwL5hJiOsyOrQfYV2MjBR6oQlnDzKq0TolqULIhVk0bpOReKc7ZxXADlg8fiFJwo4AyBlXVj4kMV40lsnfnqrUTNMQWD18u8mF6ikLTHFog/0U5M6DAMzPlLMDVm3RHvWmEJ7jqwKcUUZhehebBMMs', 'type': None}]",James Paterson
PO Box 369,Belmont,,Rivervale,,,Linda,Female,,,,,,,,6103,,,,image.jpg (https://v5.airtableusercontent.com/v3/u/35/35/1732068000000/RCbRpy79kFymOLL1vALobg/6rfye_Y6lexnEXpU1r0CXvHxZqPEJq-et7p1oxbt6dmAGuNgKbSGWiuE8ucAu50p2iHHDLZ_UtCPX4cD19JMOX3mJRGMstcLLMy9B8ogFdXEIQQnwQX9aHT90qn_tvOEwgUOyKPCiNyfe7J6zaU9EA/pG-4IQnqU-uII6i0pbvGWaK55PtyOw6zCdcsuE0j1b4),LP,Senator,,,Senator,WA,Reynolds,Senator the Hon,,"[{'base64': 'imagejpghttps//v5airtableusercontentcom/v3/u/35/35/1732068000000/RCbRpy79kFymOLL1vALobg/6rfyeY6lexnEXpU1r0CXvHxZqPEJqet7p1oxbt6dmAGuNgKbSGWiuE8ucAu50p2iHHDLZUtCPX4cD19JMOX3mJRGMstcLLMy9B8ogFdXEIQQnwQX9aHT90qntvOEwgUOyKPCiNyfe7J6zaU9EA/pG4IQnqUuII6i0pbvGWaK55PtyOw6zCdcsuE0j1b4', 'type': None}]",Linda Reynolds
PO Box 1671,Renmark,,Renmark,,,Anne,Female,,,,,,,,5341,,,,image.jpg (https://v5.airtableusercontent.com/v3/u/35/35/1732068000000/8zVgouhv4DV4LuCz88C7rw/UvwkHjGGyVSTsnTLem8LwRh5fWrxOyqMjTlxgoGD01LotQlEsjusYKeskbu5S_qYy-CpwdYMGf38q9O3Ze9rtNFpPTHWJfZEhswoswq-sirP4L3-y-eTsuKMkg9uharhvDV5iFZ_H5-L5PASD_6f1Q/UA0LRze2lCWGi-0pIFDrBtoh3KIQ71hAAeiVFNbqsbQ),LP,Senator,Manager of Opposition Business in the Senate,,Senator,SA,Ruston,Senator the Hon,,,Anne Ruston
PO Box 4287,Springfield Central,,Springfield Central,,,Paul,Male,,,,,,,,4300,,,,image.jpg (https://v5.airtableusercontent.com/v3/u/35/35/1732068000000/_S5E_1TqRTQdteshCu8xXA/vRocFbenM5FHFad2CSwMxoYkKzNMZmIgRiB8otRgsA_AtYxElQK-yqA9i2gSwOwAPogUP7nI0h4TIzK_9ZSqt_fZJx6yPqzH2unxIFsEhmfNm6WQJoNlXdlwZpTIuAr8euU4yaWnbZOZsQLg2UfGzA/jSVCdP_QfoiTlvJl3X5EuvHjm4YCRY5j0_Wkfbxr3wk),LP,Senator,,,Senator,QLD,Scarr,Senator,,,Paul Scarr
GPO Box 36,Sydney,,Sydney,,,Devanand,Male,,,,,,,,2000,,,,image.jpg (https://v5.airtableusercontent.com/v3/u/35/35/1732068000000/QInYIp34SnKJ8yakIBx2OQ/WuzAsQNHvMeGjLUAUC-gezMDyipy9lIksFDOMG4KfIzLyPOF2TKsOsey_xq7xyU-DJLxRLW3qitLXuprIb0v7ExN27mW7uom_R_Bj3GrIiv_wZp7WhvYcM_mUWmUPAoAE_5RLtYL7Y6o0KrvWiLlOQ/_wNTFXbDpqW_OZJ_hVwSyY8mTESGO-ef7Nq51PRlu7g),LP,Senator,,,Senator,NSW,Sharma,Senator,,,Devanand Sharma
PO Box 40,Madeley,,Greenwood,,,Dean,Male,,,,,,,,6024,,,,image.jpg (https://v5.airtableusercontent.com/v3/u/35/35/1732068000000/oxlWLGZKTzYJjl9ppKgtkA/up1jLMoFF2PJ6qseH2RAkkkw9G-OQLssSgjnKq0MmOi63iyMU8vYHzbp64GXxDSbBpj5sxVq6bVz5KtQs2QnJo0NkWOSN3xCvYMAYPzdC_cgRu20GgV2UG_JxgBmRKdpd6RQgmxJowg3ZkNkRsZLDA/nzocp494tqXbCRnLrPQ9n0TYr7f5yLf9fkuEzNvV0qQ),LP,Senator,,,Senator,WA,Smith,Senator,,,Dean Smith
"Ground Floor, 28-30 Bolton Street",Newcastle,,Newcastle,,,Ross,Male,,,,,,,,2300,,,,image.jpg (https://v5.airtableusercontent.com/v3/u/35/35/1732068000000/660_z8KNb36iJxwo9_w1tg/dCJ5e2q8PlaGhyYQwDNsMv2qIhvpaowtbe1j52-cBK08pjYblS_bBZK3QWmFFX-4MOQRv1lJJGSTySkJZ1W20FxJZMkIhbet-LIgXRJyYEBjG2e6Zn_Z77YhmAa61f4PQm5JcAVG9qLOnVSnEPn6Tw/La-xW7KiB3bCCSZ22ctKHcvG6MYTjzMaRWDNvfkuBhA),NATS,Senator,Nationals Whip in the Senate,,Senator,NSW,Cadell,Senator,,,Ross Cadell
PO Box 737,Rockhampton,,Rockhampton,,,Matthew,Male,,,,,,,,4700,,,,image.jpg (https://v5.airtableusercontent.com/v3/u/35/35/1732068000000/0ZOOYTuZlvl_rUf0raf17Q/0rnBC7GVbcdF6aseo3HKX_pmvy7FUZ883tn0rxtTipiKEr6yFKYVmZo-vrHGLGwkPTvwn3PL9lC5Ga2afCCkIMPY4qFlmfNKzxy6_hsj-h_D3jvHHvdXMjSDyrh6Zn5youBv8WYYqvnh6YtYpuu5Mg/uHrBGFPcLtu3OuejI_xUXYHSky21uJLGlDb-Esuvmpw),NATS,Senator,,,Senator,QLD,Canavan,Senator the Hon,,,Matthew Canavan
PO Box 612,Deniliquin,,Deniliquin,,,Perin,Female,,,,,,,,2710,,,,image.jpg (https://v5.airtableusercontent.com/v3/u/35/35/1732068000000/3ii2MV4kXVd2q6A9r8C4qg/6nxG_nPxB5jINkgVwiJo3E7vUl6H3CFHqQDkSmSAhbEiZ0tUEvdpm8J0MBGtOmeNrMQ_ZByWB7b4lH7W_GOKEuXdDOkl31rWbPNLK3KG6DQscyEjAxx9wdSCzFTftkLFBvRx7TRF64eQApMnjBtQvw/rmok6eaMmAFdh_8_sq9x7Mqy_5qyrBHpc63etJBQkc4),NATS,Senator,Deputy Federal Leader of the Nationals; Deputy Leader of the Nationals in the Senate,,Senator,NSW,Davey,Senator,,"[{'base64': 'imagejpghttps//v5airtableusercontentcom/v3/u/35/35/1732068000000/3ii2MV4kXVd2q6A9r8C4qg/6nxGnPxB5jINkgVwiJo3E7vUl6H3CFHqQDkSmSAhbEiZ0tUEvdpm8J0MBGtOmeNrMQZByWB7b4lH7WGOKEuXdDOkl31rWbPNLK3KG6DQscyEjAxx9wdSCzFTftkLFBvRx7TRF64eQApMnjBtQvw/rmok6eaMmAFdh8sq9x7Mqy5qyrBHpc63etJBQkc4', 'type': None}]",Perin Davey
172 High Street,Wodonga,,Wodonga,,,Bridget,Female,,,,,,,,3690,,,,image.jpg (https://v5.airtableusercontent.com/v3/u/35/35/1732068000000/IPf3PpsNbMYy5UTqB2EmRg/Er8j7horwriwZCj8bTsPPfGrQxaJcaPXCvu0fLff0zL9voSAEBwvI0HgLAtXEINjI_-gsvVPxjOvwh-S3z-8ZqLrExWWG1rEBATAGaFcLHsYH0VFJqr53c0pMJV7ZHXLVLHIYQersrLrCq2zXMDbzg/6Yc-jYsRE3yvOWJuzN9ZpaeozyGq5lO85lWawUjlxF0),NATS,Senator,Leader of the Nationals in the Senate,,Senator,VIC,McKenzie,Senator the Hon,,,Bridget McKenzie
GPO Box 228,Brisbane,,Brisbane,,,Pauline,Female,,,,,,,,4000,,,,image.jpg (https://v5.airtableusercontent.com/v3/u/35/35/1732068000000/IF9Bs2_L1zJ65TgSrLhtVg/D8GJL_Nb7dnU14B5n81_uZ4NgtxRYNxxHfeizVIhnrmynjpxFF3nX_YVnUEx2_v_llBJd4Eq-gHauhLp99lGSaGy8XWDNwLdD8R-297g0oGBGiRZD80qEMcA5Sq4WRV9OB8aPRIIpTypbGfIdK4HMQ/lFyzQNN6BJBq2McLkn9HHM-IXebUZ3hfVv5ZotsDXrQ),PHON,Senator,Leader of Pauline Hansonï¿½s One Nation and Pauline Hansonï¿½s One Nation Whip,,Senator,QLD,Hanson,Senator,,,Pauline Hanson
PO Box 228,Brisbane,,Brisbane,,,Malcolm,Male,,,,,,,,4000,,,,image.jpg (https://v5.airtableusercontent.com/v3/u/35/35/1732068000000/XXgUGXMGBr13GppCWt84Dw/1Z0eHe3FfJ9EvyQvG1ACo3maEhHkC66AFO-GHEuE6miH4nZKXREKUhJBMiQFr6sH4qvHLw81hoZ4U0UtKUA-YP2oG6YQsA_UTtDSwqa9IPK_OBOsrJ0743-mcLbF1Z8Uxy0MjOvwZUX1Sdl3l_ecpA/VVFInGt3uazZTz-uO7335KcEqnWLfDrDiFZWN0tZSWA),PHON,Senator,,,Senator,QLD,Roberts,Senator,,,Malcolm Roberts
"Suite 2, 77 Victor Crescent",Narre Warren,,Narre Warren,,,Ralph,Male,,,,,,,,3805,,,,image.jpg (https://v5.airtableusercontent.com/v3/u/35/35/1732068000000/CVVkSZlEyZQ47kTIjuI3AA/T0hsuOszcjtmae8LusWyWhFHnw-3Wbw9eKtLUIUp-5qMkArOI8Og31y1EmB3T49KET0mQA8h0Bgb5_aqN8dW4ZA7WP4_E4xvY37xkCMHEWzQG_HMKTJZ_qA8QCWMk49oa92usxe8VbmkWCKYIK59Lg/iBpaptizsSVRPMHMQu6Ic-t_7bfS14gyDsJJ96lhH4w),UAP,Senator,United Australia Party Whip,,Senator,VIC,Babet,Senator,,,Ralph Babet
